farm_animal;breed;fa_code;breed_code;dna_seq;sex;animal_name;birth_date;sire;dam;weight;height;body_length;heart_girth;tail;age;sampling_date;sample_type;place;origin;owner;purpose;proj_desc;;;
Buffalo;Brazilian Murrah;BU;BZM;---TTAAGGGAGCCCTTAGCCTGCTGATTCTCGCCGAATTAAGTCAATCTGGTTCCCTACTCTGAGATGACCAAATCTGT-ACGTAG-TTGTAACCGCACTCGCATTTGTAATAATTTTCAACATAGTAATGCCAATCATAATTGGGGGATTTGGCAACTGACTTGTCCCTTTAATAATTGGTGCTCCCGACATAACATTCCCCCGAATAAACAATATAAACTTCTGACTCCTCCCTCCCTCTTTCCTACTACTTCTAGCATCATCTATAGTTGAAGCTGGAGCAGGGACAGGTTGAACCGTATACCCCCCTTTAGCAGGTAACCTAGCCCACGCAAGAGCCTCGGTAGATCTAACCATCTTCTCTCTGCACTTAGCAGGTGTCTCCTCAATTTTAGGGGCTATTAATTTTATTACAACAATTATCAATATAAAACCTCCTGCAATATCACAATACCAAACCCCTTTATTCGTGTGATCCGTAATAATCACCGCCGTGCTATTACTCCTTTCACTTCCTGTGCTAGCAGCTGGCATTACAATGCTACTAACAGATCGAAACCTAAACACAACTTTCTTTGATCCAGCGGGGGGAGGAGATCCTATTCTATACCAACACTTATTTTGATTTTTTGGTCACC-CTGAAGTTTAA----;F;BR091714;22-Mar-08;;;504.00;132.0;127.0;202.0;78.0;;13-May-11;Blood - jugular vein;PCC-CLSU;Brazil;PCC-CLSU, Munoz, Nueva Ecija;Dairy;;;;
Buffalo;1-Bulgarian Murrah;BU;BMU;--CTAATAGAACCCCTTTACCTGCAGATTCCCACCAAATTATGACAATCTGGTCCCCTATTCTAAGATGAGGAATCTCTT--CGTAA-TAGTAACCGCTCTCGCGTTTGAAATAATTTTCTTTATAGGAATGCCAATCATAATTGGAGGATTTGGGAACTGACTTGTCCCTTTAATAATAGGTGCTCCCGACATATCATTCCCCCGAAAAAACAATATAAACTTCTGACTCCTCCCTCCCTCTTTCCTACTACTTCTAGCATCATCCATTGTGGAAGCTGGAGCAGGGACAGGTTGAACCGTATACCCCCC-TTGGCTCGTAACAACTGTGACGCAGGAGCCTCGGTAGATCTAACCATCTTCTCTCTGCACTTAGCAGGTGTCTCCTCAATTTTAGGGGCTATTAATTTTATTACAACAATTATCAATATAAAACCTCCTGCAATATCACAATACCAAACCCCTTTATTCGTGTGATCCGTAATAATCACCGCCGTGCTATTACTCCTTTCACTTCCTGTGCTAGCAGCTGGCATTACAATGCTACTAACAGATCGAAACCTAAACACAACTTTCTTTGATCCAGCGGGGGGAGGAGATCCTATTCTATACCAACACTTATTTTGATTTTTTGGTCACCCTGAAAGTTTAA----;M;2GP03020;;;;718.00;153.0;191.0;223.0;101.0;;17-Jan-11;Blood - jugular vein;PCC-UPLB;;PCC-UPLB, Los Banos, Laguna;Dairy;;;;
Buffalo;2-Bulgarian Murrah;BU;BMU;--CTAATAGAACCCCTTTACCTGCAGATTCCCACCAAATTATGACAATCTGGTCCCCTATTCTAAGATGAGGAATCTCTT--CGTAA-TAGTAACCGCTCTCGCGTTTGAAATAATTTTCTTTATAGGAATGCCAATCATAATTGGAGGATTTGGGAACTGACTTGTCCCTTTAATAATAGGTGCTCCCGACATATCATTCCCCCGAAAAAACAATATAAACTTCTGACTCCTCCCTCCCTCTTTCCTACTACTTCTAGCATCATCCATTGTGGAAGCTGGAGCAGGGACAGGTTGAACCGTATACCCCCC-TTGGCTCGTAACAACTGTGACGCAGGAGCCTCGGTAGATCTAACCATCTTCTCTCTGCACTTAGCAGGTGTCTCCTCAATTTTAGGGGCTATTAATTTTATTACAACAATTATCAATATAAAACCTCCTGCAATATCACAATACCAAACCCCTTTATTCGTGTGATCCGTAATAATCACCGCCGTGCTATTACTCCTTTCACTTCCTGTGCTAGCAGCTGGCATTACAATGCTACTAACAGATCGAAACCTAAACACAACTTTCTTTGATCCAGCGGGGGGAGGAGATCCTATTCTATACCAACACTTATTTTGATTTTTTGGTCACCCTGAAAGTTTAA----;M;2UP10027;;;;100.00;126.0;92.0;198.0;59.0;3.5;17-Jan-11;Blood - jugular vein;PCC-UPLB;;PCC-UPLB, Los Banos, Laguna;Dairy;;;;
Buffalo;3-Bulgarian Murrah;BU;BMU;--CTAATAGAACCCCTTTACCTGCAGATTCCCACCAAATTATGACAATCTGGTCCCCTATTCTAAGATGAGGAATCTCTT--CGTAA-TAGTAACCGCTCTCGCGTTTGAAATAATTTTCTTTATAGGAATGCCAATCATAATTGGAGGATTTGGGAACTGACTTGTCCCTTTAATAATAGGTGCTCCCGACATATCATTCCCCCGAAAAAACAATATAAACTTCTGACTCCTCCCTCCCTCTTTCCTACTACTTCTAGCATCATCCATTGTGGAAGCTGGAGCAGGGACAGGTTGAACCGTATACCCCCC-TTGGCTCGTAACAACTGTGACGCAGGAGCCTCGGTAGATCTAACCATCTTCTCTCTGCACTTAGCAGGTGTCTCCTCAATTTTAGGGGCTATTAATTTTATTACAACAATTATCAATATAAAACCTCCTGCAATATCACAATACCAAACCCCTTTATTCGTGTGATCCGTAATAATCACCGCCGTGCTATTACTCCTTTCACTTCCTGTGCTAGCAGCTGGCATTACAATGCTACTAACAGATCGAAACCTAAACACAACTTTCTTTGATCCAGCGGGGGGAGGAGATCCTATTCTATACCAACACTTATTTTGATTTTTTGGTCACCCTGAAAGTTTAA----;F;2UP08008;;;;485.00;131.0;164.0;189.0;84.0;;17-Jan-11;Blood - jugular vein;PCC-UPLB;;PCC-UPLB, Los Banos, Laguna;Dairy;;;;
Buffalo;Indian Murrah;BU;IDM;--CTAAGGGGTCCCTTGAAGTTTAAATTTTGAG--AAATTGAGACAATCTGGTTCCTTATTTTAAAATGAGGATCACACT--TGTTCGTTTTAACTGATTTTTTGGTTGCAATGATTTTCAACATAGTAATGCCAATCATAATTGGGGGATTTGGCAACTGACTTGTCCCTCTAATAATTGGCGCTCCCGACATAGCATTCCCCCGAATGAACAATATAAGCTTCTGACTCCTCCCTCCCTCTTTCCTACTACTCCTAGCATCATCCATAGTTGAAGCTGGAGCAGGGACAGGTTGGACCGTATACCCCCCTTTAGCAGGTAACCTAGCCCACGCAGGAGCTTCGGTAGATCTAACCATCTTCTCTCTGCACTTGGCAGGTGTCTCCTCAATTTTAGGGGCTATTAATTTTATTACAACAATTATCAACATAAAACCTCCTGCAATATCACAATACCAAACCCCCTTATTCGTATGATCCGTAATAATCACCGCCGTGCTATTACTCCTTTCACTTCCTGTACTAGCAGCTGGCATCACAATGCTACTAACAGATCGAAACCTAAACACAACTTTCTTTGATCCAGCGGGGGGAGGAGATCCTATTCTATACCAACACTTATTTTGATTTTTTGGTCACCCTGGAAGTTTAA----;F;3CL04007;1-Jul-04;;;565.00;135.0;133.0;203.0;89.0;;13-May-11;Blood - jugular vein;PCC-CLSU;India;PCC-CLSU, Munoz, Nueva Ecija;Dairy;"1Lact - 1827 kg in 382 days; 2Lact - 1671 kg in 242 days";;;
Buffalo;Carabao - Padre Garcia, Batangas;BU;CAR;TCAGTGGTCTCTAATTGATTTTTTGGTCACCCTGAAGTTTAAT-CAACCTGGGACCCTACTCGGAGATGACCAAATCTACAACGTAG-TTGTAACCGCACACGCATTTGTAATAATTTTCTTCATAGTAATGCCAATCATAATTGGGGGATTTGGCAACTGACTTGTCCCTCTAATAATTGGCGCTCCCGACATAGCATTCCCCCGAATGAACAATATAAGCTTCTGACTCCTCCCTCCCTCTTTCCTACTACTCCTAGCATCATCCATAGTTGAAGCTGGAGCAGGGACAGGTTGGACCGTATACCCCCCTTTAGCAGGTAACCTAGCCCACGCAGGAGCTTCGGTAGATCTAACCATCTTCTCTCTGCACTTGGCAGGTGTCTCCTCAATTTTAGGGGCTATTAATTTTATTACAACAATTATCAACATAAAACCTCCTGCAATATCACAATACCAAACCCCCTTATTCGTATGATCCGTAATAATCACCGCCGTGCTATTACTCCTTTCACTTCCTGTACTAGCAGCTGGCATCACAATGCTACTAACAGATCGAAACCTAAACACAACTTTCTTTGATCCAGCGGGGGGAGGAGATCCTATTCTATACCAACACTTATTTTGATTTTTTGGTCACCCTGGAAGTTTAAA---;F;6002;;;;431.00;124.0;157.0;193.0;72.0;;17-Jan-11;Blood - jugular vein;PCC-UPLB;Padre Garcia, Batangas;PCC-UPLB, Los Banos, Laguna;Draft;;;;
Buffalo;Carabao - Lal-lo, Cagayan;BU;CCG;--GTAGGAACAGCTTTAAGCCTTCTAATTCGCGCTGAATTAGGCCAACCCGGAACTCTGCTCGGAGACGACCAAATCTACAACGTAG-TTGTAACCGCACACGCATTTGTAATAATCTTCTTTATAGTAATACCAATCATAATTGGAGGGTTCGGTAACTGACTTGTTCCCCTAATAATTGGTGCTCCCGATATAGCATTTCCCCGAATAAATAATATAAGCTTCTGACTTCTCCCTCCCTCATTCCTACTACTCCTCGCATCCTCTATAGTTGAAGCTGGGGCAGGAACAGGCTGAACCGTGTACCCTCCCTTAGCAGGCAACCTAGCCCATGCAGGAGCTTCAGTTGATCTAACCATTTTCTCTTTACACTTAGCAGGAGTTTCCTCAATTTTAGGAGCCATCAACTTCATTACAACAATTATCAACATAAAGCCCCCCGCAATGTCACAATACCAAACCCCTCTATTCGTATGATCCGTAATAATTACCGCCGTACTACTACTACTCTCGCTCCCTGTATTAGCAGCCGGCATCACAATGCTATTAACAGACCGGAACCTAAATACAACTTTCTTCGACCCGGCAGGAGGAGGAGATCCTATTCTATACCAACACTTATTCTGATTTTTTGGTCACC-TGGAAAGTTATAA--;M;FC;;;;375.00e;130.0;144.0;203.0;78.0;6 years old;12-May-11;Blood - jugular vein;Cagayan State University -  Lal-lo, Cagayan;Brgy Dalaya, Cagayan State University , Lal-lo, Cagayan;CSU - Lal-lo, Cagayan;Draft;;;;
Buffalo;Carabao -Pasuquin, Ilocos Norte;BU;BIN;;F;;;;;200.00;117.0;118.0;152.0;53.0;;5-Jul-11;Blood - jugular vein;Sulbec, Pasuquin, Ilocos Norte;Sulbec, Pasuquin, Ilocos Norte;Mr. Willie Eda, Dr. Loida M. Valenzuela, Mr. Peter Icalia;Draft;Support staff (Modesto Laroya, Crisologo Tomas, Eulalio Mariano, Saturnino Valdez);;;
Buffalo;Carabao -Merida, Leyte;BU;BLY;;F;;PhP28T;;;400.00;127.0;147.0;180.0;68.0;4 years old;18-Jul-11;Blood - jugular vein;JR Farms, Puerto Bello, Merida, Leyte;Leyte;"Mr. Jose ""Lito"" Rodriguez, Puerto Bello, Merida, Leyte";Draft;;;;
Buffalo;Carabao -Torrijos, Marinduque;BU;BMQ;;M;;;;;;124.0;180.0;194.0;74.0;3 years old;10-Jul-11;Blood -coccygeal vein;Torrrijos, Marinduque;Torrrijos, Marinduque;"Marinduque State College - Torrijos Campus; Dr. Arnulfo Monleon";Draft;;;;
Buffalo;Carabao -Munoz, Nueva Ecija;BU;CNE;;M;Itim;;;;475.00e;134.0;143.0;205.0;69.0;;13-May-11;Blood - jugular vein;Brgy Villa Quizon, Munoz, Nueva Ecija;Brgy Villa Quizon, Munoz, Nueva Ecija;Mr. Dominador Discion;Draft;;;;
Buffalo;Carabao - Albino;BU;ALB;;M;Puti;PhP52T (2002);;;675.00e;145.0;145.0;225.0;79.0;18 years old;13-May-11;Blood - jugular vein;Brgy Villa Quizon, Munoz, Nueva Ecija;Brgy Villa Quizon, Munoz, Nueva Ecija;Mr. Dominador Discion;Draft;;;;
Buffalo;F1 50 BM x 50PC;BU;BC1;--CTAGGGACAGCCCTAAGCCTGCTGATTCGCGCTGAATTAGGTCAACCTGGGACCCTACTCGGAGATGACCAAATCTACAACGTAG-TTGTAACCGCACACGCATTTGTAATAATTTTCTTCATAGTAATGCCAATCATAATTGGGGGATTTGGCAACTGACTTGTCCCTCTAATAATTGGCGCTCCCGACATAGCATTCCCCCGAATGAACAATATAAGCTTCTGACTCCTCCCTCCCTCTTTCCTACTACTCCTAGCATCATCCATAGTTGAAGCTGGAGCAGGGACAGGTTGGACCGTATACCCCCCTTTAGCAGGTAACCTAGCCCACGCAGGAGCTTCGGTAGATCTAACCATCTTCTCTCTGCACTTGGCAGGTGTCTCCTCAATTTTAGGGGCTATTAATTTTATTACAACAATTATCAACATAAAACCTCCTGCAATATCACAATACCAAACCCCCTTATTCGTATGATCCGTAATAATCACCGCCGTGCTATTACTCCTTTCACTTCCTGTACTAGCAGCTGGCATCACAATGCTACTAACAGATCGAAACCTAAACACAACTTTCTTTGATCCAGCGGGGGGAGGAGATCCTATTCTATACCAACACTTATTTTGATTTTTTGGTCACC-TGAAAATTTAAAA--;F;5UP9001;;;;362.00;115.0;141.0;180.0;77.0;;17-Jan-11;Blood - jugular vein;PCC-UPLB;;PCC-UPLB, Los Banos, Laguna;Dairy;;;;
Buffalo;F2 75 BM x 25 PC;BU;BC2;;F;5UP7012;9-Jul-07;2GP00075;5UP98003;506.00;137.0;141.0;198.0;92.0;;11-Apr-11;Blood - jugular vein;PCC-UPLB;;PCC-UPLB, Los Banos, Laguna;Dairy;;;;
Buffalo;F2 75 IM x 25PC;BU;IC2;;F;5UP04003;8-Mar-04;IM228;5UP86004;587.00;140.0;131.0;169.0;97.0;;11-Apr-11;Blood - jugular vein;PCC-UPLB;;PCC-UPLB, Los Banos, Laguna;Dairy;;;;
Buffalo;F3 87.5 BM 12.5 PC;BU;BC3;-CACAGGATTCCG---GAGACGGGGGCCTTCGGATGAGTTTGG-AAATCTACCTACCTCCTCGGATATGACCAAAAGTTTGACGAGG-ATG-GTCCGCACTCTCCTTTGAAATAATTTTCTAATTAGTATTGGCAATCATCAGTGGGGGATTTTTTAACTGACTTGTCACTCTAAAAATCGGTTCTCCCTACCTAGCATTCCCCGGAATGAACAATATAATCTTCTGACTCCTCCCTCCCTCTTTCCTACTACTCCTAGCATCATCCATAGTTGAAGCTGGAGCAGGGACAGGTTGGACCGGATACCCCCCTTTAGCAGGTAACCTAGCCCACGCAGGAGCTTCGGTAGATCTAACCATCTTCTCTCTGCACTTGGCAGGTGTCTCCTCAATTTTAGGGGCTATTAATTTTATTACAACAATTATCAACATAAAACCTCCTGCAATATCACAATACCAAACCCCCTTATTCGTATGATCCGTAATAATCACCGCCGTGCTATTACTCCTTTCACTTCCTGTACTAGCAGCTGGCATCACAATGCTACTAACAGATCGAAACCTAAACACAACTTTCTTTGATCCAGCGGGGGGAGGAGATCCTATTCTATACCAACACTTATTTTGATTTTTTGGTCACC-TGGAAGTTTAAGGGA;F;7UP9018;23-Sep-09;2CL99107;5UP03016;267.00;121.0;107.0;165.0;65.0;;11-Apr-11;Blood - jugular vein;PCC-UPLB;;PCC-UPLB, Los Banos, Laguna;Dairy;;;;
Buffalo;F4 93.75 BM x 6.25 PC;BU;BC4;--TTAAGGACAGCCCTATACCTGCTGATTCGCGCTGAAGTAGGTCAACCTGGGACCCTACTCGGAGATGACCAAATCTACAACGTAGATTGTAACCGCACTCGCATTTGTAATAATTTTCTTCATAGTATTGCCAATCATAATTGGGGGATTTGGCAACTGACTTGTCCCTCTAATAATTGGCGCTCCCGACATAGCATTCCCCCGAATGAACAATATAAGCTTCTGACTCCTCCCTCCCTCTTTCCTACTACTCCTAGCATCATCCATAGTTGAAGCTGGAGCAGGGACAGGTTGGACCGTATACCCCCCTTTAGCAGGTAACCTAGCCCACGCAGGAGCTTCGGTAGATCTAACCATCTTCTCTCTGCACTTGGCAGGTGTCTCCTCAATTTTAGGGGCTATTAATTTTATTACAACAATTATCAACATAAAACCTCCTGCAATATCACAATACCAAACCCCCTTATTCGTATGATCCGTAATAATCACCGCCGTGCTATTACTCCTTTCACTTCCTGTACTAGCAGCTGGCATCACAATGCTACTAACAGATCGAAACCTAAACACAACTTTCTTTGATCCAGCGGGGGGAGGAGATCCTATTCTATACCAACACTTATTTTGATTTTTTGGTCACC-CTGAAGTTTAA----;F;8UP10014;30-Jul-10;2UPC02016;5UP07012;154.00;109.0;92.0;130.0;64.0;;11-Apr-11;Blood - jugular vein;PCC-UPLB;;PCC-UPLB, Los Banos, Laguna;Dairy;;;;
Cattle;American Brahman;CA;BRA;TA-GTAG-GAACAGCTC-TAAGCCTTCTAATGTCGCGCTGAATTAGAGCCAACCCGGAACTCTGCTCGGAGACGACCAAATCTACAACGTAGTTGTAACCGCACACGCATTTGTAATAATCTTCTTCATAGTAATACCAATCATAATTGGAGGATTCGGTAACTGACTTGTTCCCCTAATAATTGGTGCTCCCGATATAGCATTTCCCCGAATAAATAATATAAGCTTCTGACTCCTCCCTCCCTCATTCCTACTACTCCTCGCATCCTCTATAGTTGAAGCTGGGGCAGGAACAGGCTGAACCGTGTACCCTCCCTTAGCAGGCAACCTAGCCCATGCAGGAGCTTCAGTAGATCTAACCATTTTCTCTTTACACTTAGCAGGAGTTTCCTCAATTTTAGGAGCCATCAACTTCATTACAACAATTATCAACATAAAGCCCCCCGCAATGTCACAATACCAAACCCCTCTGTTCGTAATGATCCCGTAATAATTTACCGCCGGTACTACTACTACCTCTCGCTTCCCTGGTATTTAGCCAGCCCGGCATCACCAATGGTTATTTAAACAGAACCGGAAACCCAAAATACAAACCTTTCCTTCGAACCGGGCAGGGAGGGAGGAGAAACCCTATTTTTATTTTCACACACTTATTTCTGGATTTTTTTGGTTA;M;1241;29-Oct-07;BNA229/8;510/8;580.00;164.0;144.0;110.0;93.0;3.3;31-Jan-11;Blood - coccygeal vein;ANSA Genetics, Inc.;ANSA Genetics, Inc., Lipa City, Batangas;Antonio Nocom, ANSA Genetics, Inc.;Beef;;;;
Cattle;Australian Friesian Sahiwal (AFS) Black;CA;ABL;TA-GTAG-GAACAGCTC-TAAGCCTTCTAAT-TCGCGCTGAATTAG-GCCAACCCGGAACTCTGCTCGGAGACGACCAAATCTACAACGTAGTTGTAACCGCACACGCATTTGTAATAATCTTCTTCATAGTAATACCAATCATAATTGGAGGATTCGGTAACTGACTTGTTCCCCTAATAATTGGTGCTCCCGATATAGCATTTCCCCGAATAAATAATATAAGCTTCTGACTCCTCCCTCCCTCATTCCTACTACTCCTCGCATCCTCTATAGTTGAAGCTGGGGCAGGAACAGGCTGAACCGTGTACCCTCCCTTAGCAGGCAACCTAGCCCATGCAGGAGCTTCAGTAGATCTAACCATTTTCTCTTTACACTTAGCAGGAGTTTCCTCAATTTTAGGAGCCATCAACTTCATTACAACAATTATCAACATAAAGCCCCCCGCAATGTCACAATACCAAACCCCTCTGTTCGTA-TGATCC-GTAATAATT-ACCGCCG-TACTACTACTAC-TCTCGCTCCCT--GTATT-AGCAG--CCGGCATCAC-AATG-CTATT--AACAGA-CCGGAA--CCTAAATACAACCTTCTTC----GACCCGGCAGGAGGAG----GAGACCCTATTCTA--TATCA-ACACTTATT-CTGA--TTTTTTGGTCA;F;2873;;;;470.0;146.0;137.0;185.0;77.0;;31-Jan-11;Blood - coccygeal vein;BADACO, Bugtong na Pulo, Lipa City Batangas;New Zealand;Batangas Dairy Cooperative (BADACO);Dairy ;;;;
Cattle;Australian Friesian Sahiwal (AFS) Brown;CA;ABR;TA-GTAG-GAACAGCTT-TAAGCCTTCTAAT-TCGCGCTGAATTAG-GCCAACCCGGAACTCTGCTCGGAGACGACCAAATCTACAACGTAGTTGTAACCGCACACGCATTTGTAATAATCTTCTTTATAGTAATACCAATCATAATTGGAGGGTTCGGTAACTGACTTGTTCCCCTAATAATTGGTGCTCCCGATATAGCATTTCCCCGAATAAATAATATAAGCTTCTGACTTCTCCCTCCCTCATTCCTACTACTCCTCGCATCCTCTATAGTTGAAGCTGGGGCAGGAACAGGCTGAACCGTGTACCCTCCCTTAGCAGGCAACCTAGCCCATGCAGGAGCTTCAGTTGATCTAACCATTTTCTCTTTACACTTAGCAGGAGTTTCCTCAATTTTAGGAGCCATCAACTTCATTACAACAATTATCAACATAAAGCCCCCCGCAATGTCACAATACCAAACCCCTCTATTCGTA-TGATCC-GTAATAATT-ACCGCCG-TACTACTACTAC-TCTCGCTCCCT--GTATT-AGCAG--CCGGCATCAC-AATG-CTATT--AACAGA-CCGGAA--CCTAAATACAACTTTCTTC----GACCCGGCAGGAGGAG----GAGATCCTATTCTA--TACCA-ACACTTATT-CTGA--TTTTTTGGTCA;F;1705;;;;461.0;136.0;146.0;180.0;75.0;;31-Jan-11;Blood - coccygeal vein;BADACO, Bugtong na Pulo, Lipa City Batangas;New Zealand;Batangas Dairy Cooperative (BADACO);Dairy ;;;;
Cattle;Holstein Friesian;CA;HOL;TA-GTAGTGAACAGCTAATAAGCCTTCTAAT-TCGCGCTGAATTAG-GCCAACCCGGAACTCTGCTCGGAGACGACCAAATCTACAACGTAGTTGTAACCGCACACGCATTTGTAATAATCTTCTTTATAGTAATACCAATCATAATTGGAGGGTTCGGTAACTGACTTGTTCCCCTAATAATTGGTGCTCCCGATATAGCATTTCCCCGAATAAATAATATAAGCTTCTGACTTCTCCCTCCCTCATTCCTACTACTCCTCGCATCCTCTATAGTTGAAGCTGGGGCAGGAACAGGCTGAACCGTGTACCCTCCCTTAGCAGGCAACCTAGCCCATGCAGGAGCTTCAGTTGATCTAACCATTTTCTCTTTACACTTAGCAGGAGTTTCCTCAATTTTAGGAGCCATCAACTTCATTACAACAATTATCAACATAAAGCCCCCCGCAATGTCACAATACCAAACCCCTCTATTCGTA-TGATCC-GTAATAATT-ACCGCCG-TACTACTACTAC-TCTCGCTCCCT--GTATT-AGCAG--CCGGCATCAC-AATG-CTATT--AACAGA-CCGGAA--CCTAAATACAACTTTCTTC----GACCCGGCAGGAGGAG----GAGATCCTATTCTA--TACCA-ACACTTATT-CTGA--TTTTTTGGTCA;F;AP70;1-Jan-05;;;562.0;156.0;149.0;210.0;83.0;72.0;22-Feb-11;Blood - coccygeal vein;Hacienda Macalauan, Mabacan, Calauan, Laguna;New Zealand;Hacienda Macalauan         (Mr. Eduardo Soriano);Dairy ;10.1 kg/day, 3 lactations;;;
Cattle;Jersey;CA;JER;TA-GTAG-GAACAGCTC-TAAGCCTTCTAAT-TCGCGCTGAATTAG-GCCAACCCGGAACTCTGCTCGGAGACGACCAAATCTACAACGTAGTTGTAACCGCACACGCATTTGTAATAATCTTCTTCATAGTAATACCAATCATAATTGGAGGATTCGGTAACTGACTTGTTCCCCTAATAATTGGTGCTCCCGATATAGCATTTCCCCGAATAAATAATATAAGCTTCTGACTCCTCCCTCCCTCATTCCTACTACTCCTCGCATCCTCTATAGTTGAAGCTGGGGCAGGAACAGGCTGAACCGTGTACCCTCCCTTAGCAGGCAACCTAGCCCATGCAGGAGCTTCAGTAGATCTAACCATTTTCTCTTTACACTTAGCAGGAGTTTCCTCAATTTTAGGAGCCATCAACTTCATTACAACAATTATCAACATAAAGCCCCCCGCAATGTCACAATACCAAACCCCTCTGTTCGTA-TGATCC-GTAATAATT-ACCGCCG-TACTACTACTAC-TCTCGCTCCCT--GTATT-AGCAG--CCGGCATCAC-AATG-CTATT--AACAGA-CCGGAA--CCTAAATACAACCTTCTTC----GACCCGGCAGGAGGAG----GAGACCCTATTCTA--TATCA-ACACTTATT-CTGA--TTTTTTGGTCA;F;509;;;;293.0;129.0;136.0;157.0;62.0;;31-Jan-11;Blood - coccygeal vein;BADACO, Bugtong na Pulo, Lipa City Batangas;Batangas Dairy Cooperative (BADACO);Batangas Dairy Cooperative (BADACO);Dairy ;;;;
Cattle;Batangas Native cattle (CBA) ;CA;CBA;TA-GTAG-GAACAGCTT-TAAGCCTTCTAAT-TCGCGCTGAATTAG-GCCAACCCGGAACTCTGCTCGGAGACGACCAAATCTACAACGTAGTTGTAACCGCACACGCATTTGTAATAATCTTCTTTATAGTAATACCAATCATAATTGGAGGGTTCGGTAACTGACTTGTTCCCCTAATAATTGGTGCTCCCGATATAGCATTTCCCCGAATAAATAATATAAGCTTCTGACTTCTCCCTCCCTCATTCCTACTACTCCTCGCATCCTCTATAGTTGAAGCTGGGGCAGGAACAGGCTGAACCGTGTACCCTCCCTTAGCAGGCAACCTAGCCCATGCAGGAGCTTCAGTTGATCTAACCATTTTCTCTTTACACTTAGCAGGAGTTTCCTCAATTTTAGGAGCCATCAACTTCATTACAACAATTATCAACATAAAGCCCCCCGCAATGTCACAATACCAAACCCCTCTATTCGTA-TGATCC-GTAATAATT-ACCGCCG-TACTACTACTAC-TCTCGCTCCCT--GTATT-AGCAG--CCGGCATCAC-AATG-CTATT--AACAGA-CCGGAA--CCTAAATACAACTTTCTTC----GACCCGGCAGGAGGAG----GAGATCCTATTCTA--TACCA-ACACTTATT-CTGA--TTTTTTGGTCA;F;617;;;;;120.0;112.0;149.0;77.0;;4-Feb-11;Blood - jugular vein;ADSC, CA, UPLB;Padre Garcia, Batangas;ADSC, CA, UPLB;Draft;;;;
Cattle;Guimaras Native cattle (CGU) ;CA;CGU;;M;B01;;;;240.0;106.0;120.0;144.0;;36.0;29-Mar-11;Cephalic vein;Brgy. Poblacion, Nueva Valencia, Guimaras;Guimaras Island;Ms. May D. Calopez;Draft;Dark brown body, black neck and legs;;;
Cattle;Ilocos Norte Native cattle;CA;CIN;;F;;;;;180.00;112.0;140.0;143.0;81.0;;5-Jul-11;Blood - jugular vein;Sulbec, Pasuquin, Ilocos Norte;Sulbec, Pasuquin, Ilocos Norte;Mr. Reymindo Lagazo, Dr. Loida M. Valenzuela, Mr. Peter Icalia;Draft;Support staff (Modesto Laroya, Crisologo Tomas, Eulalio Mariano, Saturnino Valdez);;;
Cattle;Iloilo Native cattle (CIL) ;CA;CIL;;M;B04;;;;180.0;104.0;100.0;128.0;;18.0;7-May-11;Cephalic vein;Brgy. Igtuba, Miagao, Iloilo;Panay Island;Mr. Victor Napolag;Draft;Dark brown with black head and white legs;;;
Cattle;Marinduque Native cattle (CIL) ;CA;CMQ;;F;;;;;;98.0;109.0;143.0;93.0;2 years old;10-Jul-11;Blood - coccygeal vein;Torrijos, Marinduque;Torrijos, Marinduque;"Marinduque State College; Dr. Arnulfo Monleon";Draft;;;;
Cattle;Siquijor Native cattle (CIL) ;CA;CSQ;;M;;;;;;107.0;94.0;140.0;;3 years old;20-Aug-11;Blood - coccygeal vein;DA-RFU 7, Ubay, Bohol;Siquijor;DA RFU 7, Ubay, Bohol;Draft;;;;
Cattle;F1 50 Brown Swiss x 50 Brahman;CA;BB1;-AAGTTTAAAGGTATCTGTT-GCCTGCTTGG-TCTCGCTGAAGTTT-AACAGCCCGGAACTCTGCTCGGAGACGACCAAATCTACAACGTAATTGTAACCGCCCACGCATTTGTAATAATCTTCTTTATAGTAATACCAATCATAATTGGAGGGTTCGGTAACTGACTTGTTCCCCTAATAATTGGTGCTCCCGATATAGCATTTCCCCGAATAAATAATATAAGCTTCTGACTTCTCCCTCCCTCATTCCTACTACTCCTCGCATCCTCTATAGTTGAAGCTGGGGCAGGAACAGGCTGAACCGTGTACCCTCCCTTAGCAGGCAACCTAGCCCATGCAGGAGCTTCAGTTGATCTAACCATTTTCTCTTTACACTTAGCAGGAGTTTCCTCAATTTTAGGAGCCATCAACTTCATTACAACAATTATCAACATAAAGCCCCCCGCAATGTCACAATACCAAACCCCTCTATTCGTA-TGATCC-GTAATAATT-ACCGCCG-TACTACTACTAC-TCTCGCTCCCT--GTATT-AGCAG--CCGGCATCAC-AATG-CTATT--AACAGA-CCGGAA--CCTAAATACAACTTTCTTC----GACCCGGCAGGAGGAG----GAGATCCTATTCTA--TACCA-ACACTTATT-CTGA--TTTTTTGGTCA;F;402;;;;;126.0;117.0;172.0;69.0;;12-Apr-11;Blood - coccygeal vein;YGGACCHAI FarmsBgy San Antonio, San Pedro, Laguna;Laguna;Dennis  V. Castasus;Dairy ;;;;
Cattle;F1 50 Holstein x 50 Sahiwal;CA;HS1;TATATAGTGAACAGCTT-TAAGCCTTCTAGT-TCGCGCTGAATTAG-GCCAACCCGGAACTCTGCTCGGAGACGACCAAATCTACAACGTAGTTGTAACCGCACACGCATTTGTAATAATCTTCTTTATAGTAATACCAATCATAATTGGAGGGTTCGGTAACTGACTTGTTCCCCTAATAATTGGTGCTCCCGATATAGCATTTCCCCGAATAAATAATATAAGCTTCTGACTTCTCCCTCCCTCATTCCTACTACTCCTCGCATCCTCTATAGTTGAAGCTGGGGCAGGAACAGGCTGAACCGTGTACCCTCCCTTAGCAGGCAACCTAGCCCATGCAGGAGCTTCAGTTGATCTAACCATTTTCTCTTTACACTTAGCAGGAGTTTCCTCAATTTTAGGAGCCATCAACTTCATTACAACAATTATCAACATAAAGCCCCCCGCAATGTCACAATACCAAACCCCTCTATTCGTA-TGATCC-GTAATAATT-ACCGCCG-TACTACTACTAC-TCTCGCTCCCT--GTATT-AGCAG--CCGGCATCAC-AATG-CTATT--AACAGA-CCGGAA--CCTAAATACAACTTTCTTC----GACCCGGCAGGAGGAG----GAGATCCTATTCTA--TACCA-ACACTTATT-CTGA--TTTTTTGGTCA;F;HM109;1-Feb-06;;;396.0;136.0;135.0;183.0;70.0;60.0;22-Feb-11;Blood - coccygeal vein;Hacienda Macalauan, Mabacan, Calauan, Laguna;New Zealand;Hacienda Macalauan         (Mr. Eduardo Soriano);Dairy ;13.6 kg/day, 2 lactations;;;
Cattle;F1 50 Jersey x 50 AFS (Kiwi cross);CA;JXA;TA-GTAGTGAACAGCTC-TAAGCCTTCTAAT-TCGCGCTGAATTAGAGCCAACCCGGAACTCTGCTCGGAGACGACCAAATCTACAACGTAGTTGTAACCGCACACGCATTTGTAATAATCTTCTTCATAGTAATACCAATCATAATTGGAGGATTCGGTAACTGACTTGTTCCCCTAATAATTGGTGCTCCCGATATAGCATTTCCCCGAATAAATAATATAAGCTTCTGACTCCTCCCTCCCTCATTCCTACTACTCCTCGCATCCTCTATAGTTGAAGCTGGGGCAGGAACAGGCTGAACCGTGTACCCTCCCTTAGCAGGCAACCTAGCCCATGCAGGAGCTTCAGTAGATCTAACCATTTTCTCTTTACACTTAGCAGGAGTTTCCTCAATTTTAGGAGCCATCAACTTCATTACAACAATTATCAACATAAAGCCCCCCGCAATGTCACAATACCAAACCCCTCTGTTCGTA-TGATCC-GTAATAATT-ACCGCCG-TACTACTACTAC-TCTCGCTCCCT--GTATT-AGCAG--CCGGCATCAC-AATG-CTATT--AACAGA-CCGGAA--CCTAAATACAACCTTCTTC----GACCCGGCAGGAGGAG----GAGACCCTATTCTA--TATCA-ACACTTATT-CTGA--TTTTTTGGTCA;F;607;;;;421.0;134.0;141.0;179.0;74.0;;31-Jan-11;Blood - coccygeal vein;BADACO, Bugtong na Pulo, Lipa City Batangas;Batangas Dairy Cooperative (BADACO);Batangas Dairy Cooperative (BADACO);Dairy ;;;;
Cattle;F2 75 Brown Swiss x 25 Brahman;CA;BB2;TATGTAA-GAACAGCTC-TAAGCCTTCTAAT-TCGCGCTGAATTAG-GCCAACCCGGAACTCTGCTCGGAGACGACCAAATCTACAACGTAGTTGTAACCGCACACGCATTTGTAATAATCTTCTTCATAGTAATACCAATCATAATTGGAGGATTCGGTAACTGACTTGTTCCCCTAATAATTGGTGCTCCCGATATAGCATTTCCCCGAATAAATAATATAAGCTTCTGACTCCTCCCTCCCTCATTCCTACTACTCCTCGCATCCTCTATAGTTGAAGCTGGGGCAGGAACAGGCTGAACCGTGTACCCTCCCTTAGCAGGCAACCTAGCCCATGCAGGAGCTTCAGTAGATCTAACCATTTTCTCTTTACACTTAGCAGGAGTTTCCTCAATTTTAGGAGCCATCAACTTCATTACAACAATTATCAACATAAAGCCCCCCGCAATGTCACAATACCAAACCCCTCTGTTCGTA-TGATCC-GTAATAATT-ACCGCCG-TACTACTACTAC-TCTCGCTCCCT--GTATT-AGCAG--CCGGCATCAC-AATG-CTATT--AACAGA-CCGGAA--CCTAAATACAACCTTCTTC----GACCCGGCAGGAGGAG----GAGACCCTATTCTA--TATCA-ACACTTATT-CTGA--TTTTTTGGTCA;F;Rosanna;;;;;145.0;139.0;195.0;105.0;;12-Apr-11;Blood - coccygeal vein;YGGACCHAI FarmsBgy San Antonio, San Pedro, Laguna;Laguna;Dennis  V. Castasus;Dairy ;;;;
Cattle;F3 62.5 Brown Swiss x 37.5 Brahman;CA;BBX;GAAGTTTAA-GGCAGCTGTGAGCCTTCTCGT-TCGCGCTGAATTAG-GCCAACCCGGAACTCTGCTCGGAGACGACCAAATCTACAACGTAATTGTAACCGCACACGCATTTGTAATAATCTTCTTTATAGTAATACCAATCATAATTGGAGGGTTCGGTAACTGACTTGTTCCCCTAATAATTGGTGCTCCCGATATAGCATTTCCCCGAATAAATAATATAAGCTTCTGACTTCTCCCTCCCTCATTCCTACTACTCCTCGCATCCTCTATAGTTGAAGCTGGGGCAGGAACAGGCTGAACCGTGTACCCTCCCTTAGCAGGCAACCTAGCCCATGCAGGAGCTTCAGTTGATCTAACCATTTTCTCTTTACACTTAGCAGGAGTTTCCTCAATTTTAGGAGCCATCAACTTCATTACAACAATTATCAACATAAAGCCCCCCGCAATGTCACAATACCAAACCCCTCTATTCGTA-TGATCC-GTAATAATT-ACCGCCG-TACTACTACTAC-TCTCGCTCCCT--GTATT-AGCAG--CCGGCATCAC-AATG-CTATT--AACAGA-CCGGAA--CCTAAATACAACTTTCTTC----GACCCGGCAGGAGGAG----GAGATCCTATTCTA--TACCA-ACACTTATT-CTGA--TTTTTTGGTCA;F;477;;;;;131.0;130.0;178.0;76.0;;12-Apr-11;Blood - coccygeal vein;YGGACCHAI FarmsBgy San Antonio, San Pedro, Laguna;Laguna;Dennis  V. Castasus;Dairy ;;;;
Cattle;F3 62.5 Holstein x 37.5 Sahiwal;CA;HS2;TA-GTAG-GAACAGCTC-TAAGCCTTCTAAT-TCGCGCTGAATTAG-GCCAACCCGGAACTCTGCTCGGAGACGACCAAATCTACAACGTAGTTGTAACCGCACACGCATTTGTAATAATCTTCTTCATAGTAATACCAATCATAATTGGAGGATTCGGTAACTGACTTGTTCCCCTAATAATTGGTGCTCCCGATATAGCATTTCCCCGAATAAATAATATAAGCTTCTGACTCCTCCCTCCCTCATTCCTACTACTCCTCGCATCCTCTATAGTTGAAGCTGGGGCAGGAACAGGCTGAACCGTGTACCCTCCCTTAGCAGGCAACCTAGCCCATGCAGGAGCTTCAGTAGATCTAACCATTTTCTCTTTACACTTAGCAGGAGTTTCCTCAATTTTAGGAGCCATCAACTTCATTACAACAATTATCAACATAAAGCCCCCCGCAATGTCACAATACCAAACCCCTCTGTTCGTA-TGATCC-GTAATAATT-ACCGCCG-TACTACTACTAC-TCTCGCTCCCT--GTATT-AGCAG--CCGGCATCAC-AATG-CTATT--AACAGA-CCGGAA--CCTAAATACAACCTTCTTC----GACCCGGCAGGAGGAG----GAGACCCTATTCTA--TATCA-ACACTTATT-CTGA--TTTTTTGGTCA;F;NZ17;6-Jun-01;;;540.0;138.0;158.0;197.0;36.0;114.0;22-Feb-11;Blood - coccygeal vein;Hacienda Macalauan, Mabacan, Calauan, Laguna;New Zealand;Hacienda Macalauan         (Mr. Eduardo Soriano);Dairy ;20.7 kg/day, 6 lactations;;;
;;;;;;;;;;;;;;;;;;;;;;;;;
;;;;;;;;;;;;;;;;;;;;;;;;;
;;;;;;;;;;;;;;;;;;;;;;;;;
;;;;;;;;;;;;;;;;;;;;;;;;;
;;;;;;;;;;;;;;;;;;;;;;;;;
;;;;;;;;;;;;;;;;;;;;;;;;;
;;;;;;;;;;;;;;;;;;;;;;;;;
;;;;;;;;;;;;;;;;;;;;;;;;;
;;;;;;;;;;;;;;;;;;;;;;;;;
;;;;;;;;;;;;;;;;;;;;;;;;;
;;;;;;;;;;;;;;;;;;;;;;;;;
;;;;;;;;;;;;;;;;;;;;;;;;;
;;;;;;;;;;;;;;;;;;;;;;;;;
;;;;;;;;;;;;;;;;;;;;;;;;;
;;;;;;;;;;;;;;;;;;;;;;;;;
;;;;;;;;;;;;;;;;;;;;;;;;;
;;;;;;;;;;;;;;;;;;;;;;;;;
;;;;;;;;;;;;;;;;;;;;;;;;;
;;;;;;;;;;;;;;;;;;;;;;;;;
;;;;;;;;;;;;;;;;;;;;;;;;;
