farm_animal;breed;fa_code;breed_code;dna_seq;sex;animal_name;birth_date;sire;dam;weight;height;body_length;heart_girth;tail;age;sampling_date;sample_type;place;origin;owner;purpose;proj_desc;;
Goat;1 Anglo Nubian;GO;NUB;ATGGGGT-GATGGTGGATTCCTAAAATGAGTTTGGAAATATACCTGCCTCTGGGGCTGCATGGACCAAAATGAATTTCATAGGAAAATACTC-TTTTGATTTTTTGGTCACCCTTAAGTTTAAAA-GCCGTCTGGACCTGGGCTTTTGTTTGCTGGAAGATTTCTGATTACCGTTTCCATTTCCGTGCTTGTGATGGGTCTGTTAAGATTTTCTATTTCTTCCTGGTTCAGTTTTGGAAAATTGTACTTTTCTAAGAATTTGTCCATTTCTTCCACGTTGTCCATTTTATTGGCATACAACTGCTGATAGTAGTCTCTTATGATCCTTTGTATTTCTGTGTTGTCTGTTGTGATCTCTCCATTTTCATTTCTAATTTTATTGATTTGATTTTTCTCCCTTTGCTTCTTGATGAGTCTGGCTAATGGTTTGTCAATTTTATTTATCCTTTCAAAGAACCAGCTTTTGGCTTTGTTGATTTTTGCTATGGTCTCTTTTGTTTCTTTTGCATTTATTTCTGCCCTAATTTTTAAGATTTCTTTCCTTCTACTAACTCTGGGGTTCTCCAACTCTTCCTTTTCTAGTTGCTTTAGTTGTAGAGTTAGGTTATTTATTTGACTTT-TTTCATGTTTCTTGAGG-AATGCCTGTATTGCTATGAACTTTCCTCTTAGCACTGCTTTTATAGTGTCCCACAGGTTTTGGGTTGTTGTGGTTTTCACTTTCATTAGTTTC-ANGCATATTTTGATTTCTTTTTTGATTTCTTCTGGGATTA;F;226A;;;;37.0;72.0;64.0;75.0;12.0;;2-Feb-11;Blood - jugular vein;ADSC, CA, UPLB;;ADSC, CA, UPLB;Dairy ;;;
Goat;2 Anglo Nubian;GO;NUB;ATGGGGT-GATGGTGGATTCCTAAAATGAGTTTGGAAATATACCTGCCTCTGGGGCTGCATGGACCAAAATGAATTTCATAGGAAAATACTC-TTTTGATTTTTTGGTCACCCTTAAGTTTAAAA-GCCGTCTGGACCTGGGCTTTTGTTTGCTGGAAGATTTCTGATTACCGTTTCCATTTCCGTGCTTGTGATGGGTCTGTTAAGATTTTCTATTTCTTCCTGGTTCAGTTTTGGAAAATTGTACTTTTCTAAGAATTTGTCCATTTCTTCCACGTTGTCCATTTTATTGGCATACAACTGCTGATAGTAGTCTCTTATGATCCTTTGTATTTCTGTGTTGTCTGTTGTGATCTCTCCATTTTCATTTCTAATTTTATTGATTTGATTTTTCTCCCTTTGCTTCTTGATGAGTCTGGCTAATGGTTTGTCAATTTTATTTATCCTTTCAAAGAACCAGCTTTTGGCTTTGTTGATTTTTGCTATGGTCTCTTTTGTTTCTTTTGCATTTATTTCTGCCCTAATTTTTAAGATTTCTTTCCTTCTACTAACTCTGGGGTTCTCCAACTCTTCCTTTTCTAGTTGCTTTAGTTGTAGAGTTAGGTTATTTATTTGACTTT-TTTCATGTTTCTTGAGG-AATGCCTGTATTGCTATGAACTTTCCTCTTAGCACTGCTTTTATAGTGTCCCACAGGTTTTGGGTTGTTGTGGTTTTCACTTTCATTAGTTTC-ANGCATATTTTGATTTCTTTTTTGATTTCTTCTGGGATTA;M;896;;;;50.0;86.0;77.0;90.0;22.0;;4-Feb-11;Blood - jugular vein;ADSC, CA, UPLB;;ADSC, CA, UPLB;Dairy ;;;
Goat;3 Anglo Nubian;GO;NUB;ATGGGGT-GATGGTGGATTCCTAAAATGAGTTTGGAAATATACCTGCCTCTGGGGCTGCATGGACCAAAATGAATTTCATAGGAAAATACTC-TTTTGATTTTTTGGTCACCCTTAAGTTTAAAA-GCCGTCTGGACCTGGGCTTTTGTTTGCTGGAAGATTTCTGATTACCGTTTCCATTTCCGTGCTTGTGATGGGTCTGTTAAGATTTTCTATTTCTTCCTGGTTCAGTTTTGGAAAATTGTACTTTTCTAAGAATTTGTCCATTTCTTCCACGTTGTCCATTTTATTGGCATACAACTGCTGATAGTAGTCTCTTATGATCCTTTGTATTTCTGTGTTGTCTGTTGTGATCTCTCCATTTTCATTTCTAATTTTATTGATTTGATTTTTCTCCCTTTGCTTCTTGATGAGTCTGGCTAATGGTTTGTCAATTTTATTTATCCTTTCAAAGAACCAGCTTTTGGCTTTGTTGATTTTTGCTATGGTCTCTTTTGTTTCTTTTGCATTTATTTCTGCCCTAATTTTTAAGATTTCTTTCCTTCTACTAACTCTGGGGTTCTCCAACTCTTCCTTTTCTAGTTGCTTTAGTTGTAGAGTTAGGTTATTTATTTGACTTT-TTTCATGTTTCTTGAGG-AATGCCTGTATTGCTATGAACTTTCCTCTTAGCACTGCTTTTATAGTGTCCCACAGGTTTTGGGTTGTTGTGGTTTTCACTTTCATTAGTTTC-ANGCATATTTTGATTTCTTTTTTGATTTCTTCTGGGATTA;F;884;;;;64.0;76.0;78.0;86.0;20.0;23.0;15-Feb-11;Blood - jugular vein;San Antonio, Bay, Laguna;USA;Mr. Romy Almeda;Dairy;;;
Goat;Boer;GO;BOR;ATGGGACATAGACTAGATTACTAACGTAAGAATAGAAAGAATAAGGCAGTTGGGGCTGCATTTTCCAAAAGGCATTTCCAAAGAAAATACAAGCATTGATTTTTTGGTCACCCTGAAGTTTAAAA-GCCGTCTGGACCGGGGCTTTTGTTTGCTGGAATATTTCTGATTTCGGTTTCCATTTCCTTGCTTGTGATGGGTCTGTTAATATTTTCTATTTCTTCCTGGTTCAGTTTTGGAAAATTGTACTTTTCTAAAAATTTGACCATTTCTTCCACGTTGTCCATTTAATTGGCATCCAACTGCTGATAGGAGTCCCTTATGATCCTTTGTATTTCTGGGTTGTCTGTTGTGATCCCCCCATTTTCATTTCTAATTTTATTGATTTGATTTTTCTCCCTTTGTTTCTTGATGAATCTGGCTAAAGGTTTGTCAATTTTATTTATCCTTTCAAAAAACCACCTTTTGGCTTTGTTGATTTTTGCTATGGTCCCTTTTGTTTCTTTTCCTTTTATTTCAGCCCTAATTTTTAAAATTTCTTTCCTTCAACTAACTCTGGGGTTTTCCAAGTCTTACTTTGAGAATGACACCAGATCTAAAGTTAGGTTATTTATTGATTTTTTGTTCACGTTGAATGAGA-AATGCCTGTATTGCTATGAACTTTCCTCTTAGCACTGCTTTTATAGTGTCCCACAGGTTTTGGGTTGTTGTG-TTTTCATTTTCATTAGTTTCTATGCATATTTTGATTTCTTTTTTGATTTCTTCTGGGATTT;M;965;;;;59.0;72.0;69.0;86.0;21.0;23.0;15-Feb-11;Blood - jugular vein;San Antonio, Bay, Laguna;USA;Mr. Romy Almeda;Meat;;;
Goat;1 Saanen;GO;SAA;CTGGGAT-TATGCTAGATTACTAACGTAAGAATAGAAAGAAAAATGCCGTTGGGGCTGCATTTTCCAAAAGGCATTTCATAAGAAAATACAAGCATTGATTTTTTGGTCACCCTGAAGTTTAAAAAGCCGTCTGGACCGGGAATTTTGTTTGCTGGAATATTTCTGATTTCGGTTTCCATTTCCTTGCTTGTGATGGGTCTGTTAAGATTTTCTATTTCTTCCTGGTTCAGTTTTGGAAAATTGTACTTTTCTAAGAATTTGACCATTTCTTCCACGTTGTCCATTTTATTGGCATACAACTGCTGATAGGAGTCTCTTATGATCCTTTGTATTTCTGTGTTGTCTGTTGTGATCTCCCCATTTTCATTTCTAATTTTATTGATTTGATTTTTCTCCCTTTGCTTCTTGATGAATCTGGCTAATGGTTTGTCAATTTTATTTATCCTTTCAAAAAACCAGCTTTTGGCTTTGTTAATTTTTGCTATGGTCCCTTTTGTTTCTTTTGCATTTATTTCTGCCCTAATTTTAAAAATTTCTTTCCTTCAACTAACTCTGGGGCTCTCCGATTCTTACTTTGAGAGTTGCTTAANATGTATAGTCAGGTTATTTATTTGACTTT-GTTCAAGTTGCTTGAAAGAATGCCTGTATTGCTATGAACTTTCCTCTTAGCACTGCTTTTATAGTGTCCCACAGGTTTTGGGTTGTTGTG-TTTTCATTTTCATTAGTTTCTATGCATATTTTGATTTCTTTTTTGATTTCTTCTGTGATTT;M;A0826;;;;35.0;72.0;73.0;78.0;16.0;;2-Feb-11;Blood - jugular vein;ADSC, CA, UPLB;;ADSC, CA, UPLB;Dairy ;;;
Goat;2 Saanen;GO;SAA;CTGGGAT-TATGCTAGATTACTAACGTAAGAATAGAAAGAAAAATGCCGTTGGGGCTGCATTTTCCAAAAGGCATTTCATAAGAAAATACAAGCATTGATTTTTTGGTCACCCTGAAGTTTAAAAAGCCGTCTGGACCGGGAATTTTGTTTGCTGGAATATTTCTGATTTCGGTTTCCATTTCCTTGCTTGTGATGGGTCTGTTAAGATTTTCTATTTCTTCCTGGTTCAGTTTTGGAAAATTGTACTTTTCTAAGAATTTGACCATTTCTTCCACGTTGTCCATTTTATTGGCATACAACTGCTGATAGGAGTCTCTTATGATCCTTTGTATTTCTGTGTTGTCTGTTGTGATCTCCCCATTTTCATTTCTAATTTTATTGATTTGATTTTTCTCCCTTTGCTTCTTGATGAATCTGGCTAATGGTTTGTCAATTTTATTTATCCTTTCAAAAAACCAGCTTTTGGCTTTGTTAATTTTTGCTATGGTCCCTTTTGTTTCTTTTGCATTTATTTCTGCCCTAATTTTAAAAATTTCTTTCCTTCAACTAACTCTGGGGCTCTCCGATTCTTACTTTGAGAGTTGCTTAANATGTATAGTCAGGTTATTTATTTGACTTT-GTTCAAGTTGCTTGAAAGAATGCCTGTATTGCTATGAACTTTCCTCTTAGCACTGCTTTTATAGTGTCCCACAGGTTTTGGGTTGTTGTG-TTTTCATTTTCATTAGTTTCTATGCATATTTTGATTTCTTTTTTGATTTCTTCTGTGATTT;F;A1149/ 141;;;;28.0;74.0;57.0;76.0;18.0;;2-Feb-11;Blood - jugular vein;ADSC, CA, UPLB;;ADSC, CA, UPLB;Dairy ;;;
Goat;Native goat - Lal-lo, Cagayan;GO;GCG;;M;;;;;23.0;50.0;53.0;65.0;14.0;24.0;12-May-11;Blood - jugular vein;Cagayan State University -  Lal-lo, Cagayan;Brgy Dalaya, Cagayan State University, Lal-lo, Cagayan;CSU - Lal-lo, Cagayan;Meat;;;
Goat;Native goat - Burgos, Ilocos Norte;GO;GIN;;F;;;;;10.00;55.0;78.0;55.0;10.0;;5-Jul-11;Blood - jugular vein;Ablan, Burgos, Ilocos Norte;Ablan, Burgos, Ilocos Norte;Ms. Anastacia A. Lucas, Dr. Loida M. Valenzuela, Mr. Peter Icalia;Draft;Support staff (Modesto Laroya, Crisologo Tomas, Eulalio Mariano, Saturnino Valdez);;
Goat;Native goat - San Pedro, Laguna;GO;NSP;ATGGGAT-TAGACTAGATTACTAACGTAAGAATAGAAAGAAAAAGGCCGTTGGGGCTGCATTTCCCAAAAGGAATTTCCAAAGAAAATACAAGCATTGATTTTTTGGTCACCCTGAAGTTTAAAA-GCCATCGGGACAGGGGCTTTTGTTTGCTGGAATATTTCTAATTACGGTTCCAATTTCCTTGCTTGTGATGGGTCTGTTAAGATTTTCTATTTCTTCCTGGTTCAGTTTTGGAAAATTGTACTTTTCTAAGAATTTGTCCATTTCTTCCACGTTGTCCATTTAATTGGCATACAACTGCTGATAGTAGTCTCTTATGATCCTTTGTATTTCTGTGTTGTCTGTTGTGATCTCTCCATTTTCATTTCTAATTTTATTGATTTGATTTTTCTCCCTTTGCTTCTTGATGAATCTGGCTAATGGTTTGTCAATTTTATTTATCCTTTCAAAGAACCAGCTTTTGGCTTTGTTGATTTTTGCTATGGTCTCTTTTGTTTCTTTTGCATTTATTTCTGCCCTAATTTTTAAAATTTCTTTCCTTCAACTAACTCTGGGGCTCTCCAAGTCTTACATTGAGAGTTACACCAGATGTAGAGTTAGGTTATTTATTTGACTTT-GTTCACGTTTCATGAAA-AATGCCTGTATTGCTATGAACTTTCCTCTTAGCACTGCTTTTATAGTGTCCCACAGGTTTTGGGTTGTTGTG-TTTTCATTTTCATTAGTTTCTATGCATATTTTGATTTCTTTTTTGATTTCTTCTGTGATTT;M;;;;;32.5;62.0;54.0;78.0;14.0;;12-Apr-11;Blood - jugular vein;YGGACCHAI Farms, Bgy San Antonio, San Pedro, Laguna;Laguna;Dennis  V. Castasus;Meat;;;
Goat;Native goat - Baybay, Leyte;GO;GLY;;F;;PhP1.5T;;;13.0;50.0;58.0;55.0;11.0;;19-Jul-11;Blood - jugular vein;Gubang, Baybay, Leyte;Leyte;Mr. Adelino Dotaro, Gubang, Baybay, Leyte;Meat;;;
Goat;Native goat - Ubay, Bohol;GO;GBO;;F;;;;;;26.5;23.5;35.0;;2 years old;20-Aug-11;Blood - jugular vein;DA Ubay Stock Farm, Bohol;Ubay, Bohol;DA Ubay Stock Farm, Bohol;Meat;;;
Goat;Native goat - Torrijos, Marinduque;GO;GMQ;;M;;;;;;84.0;118.0;94.0;25.0;;10-Jul-11;Blood - jugular vein;Torrijos, Marinduque;Torrijos, Marinduque;"Marinduque State College; Dr. Arnulfo Monleon";Meat;;;
Sheep;Damara;SH;DAM;;M;Pabling;PhP5T (weanling);;;79.0 (max 115) kg;86.0;105.0;101.0;46.0;5 years old;18-Jul-11;Blood - jugular vein;JR Farms, Puerto Bello, Merida, Leyte;USA;"Mr. Jose ""Lito"" Rodriguez, Puerto Bello, Merida, Leyte";Hair Sheep (meat);;;
Sheep;Dorper (polled);SH;DOP;;M;3;PhP35T;;;70.0;70.0;111.0;98.0;12.0;3 years old;19-Jul-11;Blood - jugular vein;Larrizabal Farms, Kananga, Leyte;Australia;Mr. Sabin Larrizabal, Agiting, Kananga, Leyte;Wool Sheep (meat);;;
Sheep;Dorset (polled);SH;DOR;;M;;PhP20;;;70.0;67.0;104.0;111.0;8.0;3 years old;19-Jul-11;Blood - jugular vein;Larrizabal Farms, Kananga, Leyte;Australia;Mr. Sabin Larrizabal, Agiting, Kananga, Leyte;Wool Sheep (meat);High grade Polled Dorset (F4 93.75 Dorset x 6.25% Philippine Sheep);;
Sheep;Kathadin;SH;KAT;;M;2;PhP21T;;;55.0;70.0;110.0;94.0;31.0;4 years old;18-Jul-11;Blood - jugular vein;Eastern Visayas Integrated Agricultural Research Center - RIARC;USA;RIARC, Caraycaray, San Miguel, Leyte;Hair Sheep (meat);;;
Sheep;Merino;SH;MER;CCNANNNGATNNACTGNNTTTNNGGTCACAATGAAGTTTAAATNCCGGTGCCGGCGCATTCGAGCTGAACTGGTCAGTTTGGATCCCTGCTCAGAGATGACCAAATTTATGAGGAAGTTGTGACTGCACTCGTCTTTGTAATAATCTTCATTATAGTGAGGGCAGTCATAATTGGCGGGTTTGATAACTGACTAGTTCCTCTAATAATTGCCTCCCCCCTCCTAGCATTTCCCCGGTCTGTAAAAATTTTCTATTGACTCCTCCCCGCTTCTTTCCTAAACTTCTTTATCATCTATTGAAAAGCTGGGACGGGAACAGTCTGAGTTGTGTACCCTCCTCTAATCGGAATCCTTTATCATGCTTTAACCTTCTGTGTTGAACCATTTTTTCTTTGCATTTGATGGGTGTTTTTATTGATTAGAGGCTATTAACTTCATCACAACAATTATTAATATAAAACCCCATGCATTTCTTTGTCCTTACTCCCCTGTTGGTGTGATCTGTGCTAATTACTGCCATATTATTACTCCTCTCACTTGCTGTCATAGCAGCTGGTATTACAATATTATTAACAGACTGGAATCTAGACCCAGCACGAAGAAGGGACCCCATCCTGTACCAACCGTTATTCTGATTTTTTGGTCACCCTGAATTTTAACTTGTATCTTGAGGTATGCCTGTATTGCTATGAACTTTCCTCTTAGCACTGCTTTTATAGTGTCCCACAGGTTTTGGGTTGTTGTGTTTTCATTTTCATTAGTTTCTATGCATATTTTGATTTCTTTTTTGATTTCTTCTGTGATTTTTGGGTCACCCTGAAGTTTAA;M;32;;;;30.0;66.0;69.0;81.0;22.0;23.0;15-Feb-11;Blood - jugular vein;VTH, CVM, UPLB;Diliman, Quezon City;VTH, CVM, UPLB;Wool sheep (meat);;;
Sheep;Philippine Sheep;SH;PSH;;;5;PhP7T;;;45.0;65.0;74.0;79.0;21.0;3 years old;18-Jul-11;Blood - jugular vein;Eastern Visayas Integrated Agricultural Research Center - RIARC;Introduced during Spanish era;RIARC, Caraycaray, San Miguel, Leyte;Wool Sheep (meat);;;
Sheep;St. Croix;SH;SCX;;;6;PhP21T;;;38.0;70.0;95.0;75.0;25.0;2 years old;18-Jul-11;Blood - jugular vein;Eastern Visayas Integrated Agricultural Research Center - RIARC;USA/Carribean;RIARC, Caraycaray, San Miguel, Leyte;Hair Sheep (meat);;;
Sheep;Suffolk;SH;SUF;;;107;PhP9T;;;30.0;56.0;80.0;88.0;6.0;2 years old;19-Jul-11;Blood - jugular vein;Larrizabal Farms, Kananga, Leyte;Australia;Mr. Sabin Larrizabal, Agiting, Kananga, Leyte;Wool Sheep (meat);High grade Suffolk (F4 93.75 Suffolk x 6.25% Philippine Sheep);;
