farm_animal;breed;fa_code;breed_code;dna_seq;sex;animal_name;birth_date;sire;dam;weight;male_maxweight;female_maxweight;height;body_length;heart_girth;midriff_girth;flank_girth;leg;snout;ears;tail;sampling_date;sample_type;place;origin;owner;purpose
Cat;Domestic Shorthaired Cat;CT;DSC;;F;Kitty Princess;2 years old;.;.;3.8;;;26;32;34;.;.;.;.;.;29;14-Jul-11;Cephalic vein;UPCVM - Diliman Companion Animal Clinic;UPCVM - Diliman Companion Animal Clinic;;
Dog;Beagle;DO;BEA;;F;Mickey;4 years old;.;.;16.36;;;37;47;65;.;.;.;PhP10T;.;19;18-Jun-11;Cephalic vein;Brgy. Mainit, Bay, Laguna;;Ms. Josie Centeno;Hound
Dog;Collie;DO;COL;;M;Crispin;.;.;.;15.6;;;49;49;60;.;.;.;PhP25T;.;31;19-Apr-11;Cephalic vein;Herma Farms, Brgy. Dagatan, Lipa City, Batangas;;Dr. Mercy Pursuelo;Working 
Dog;Chihuahua;DO;CHW;;M;Mutmut;9 months;.;.;2;;;19;23;28;.;.;.;PhP20T;.;11;18-Jun-11;Cephalic vein;Brgy. Mainit, Bay, Laguna;;Ms. Josie Centeno;Toys
Dog;Dalmatian (liver spots);DO;DAL;;F;Bingbing;10 years old;.;.;12.73;;;44;46;55;.;.;.;PhP12.5T;.;23;18-Jun-11;Cephalic vein;Brgy. Mainit, Bay, Laguna;;Ms. Josie Centeno;Non-sporting
Dog;Dachshund;DO;DAS;;M;Banjo;24 months;.;.;8.5;;;22;41;50;.;.;.;PhP15T;.;22;19-Apr-11;Cephalic vein;Herma Farms, Brgy. Dagatan, Lipa City, Batangas;U.K.;Dr. Mercy Pursuelo;Hound
Dog;French Bulldog;DO;FBD;;M;Spark;24-Dec-10;.;.;4.5;;;29;29;36;.;.;.;PhPT;.;2;6-May-11;Cephalic vein;#21 Matiyaga St., V. Luna, Quezon City;;Ms. Tintin Defensor;Non-sporting
Dog;German Sheperd (working line);DO;GES;;F;Shiatzi;2 years old;.;.;28;;;57;74;69;.;.;.;PhPT;.;43;18-Jun-11;Cephalic vein;Collegeville, Putho-Tuntungin, Los Baños, Laguna;;Mr. Rodrigo Cachuela;Working dog
Dog;Great Dane;DO;GRD;;F;Betsy;6 years old;.;.;;;;79;84;87;.;.;.;PhPT;.;52;18-Jun-11;Cephalic vein;Jubileeville, Masaya, Bay, Laguna;;Mr. Edward Foronda;Non-sporting
Dog;Labrador (Black Labrador Retriever);DO;LBR;;M;Jack;6-Jul-09;.;.;36;;;55;64;84;.;.;.;PhPT;.;36;18-Jun-11;Cephalic vein;Jubileeville, Masaya, Bay, Laguna;;Mr. Tata Jimenez;Gundog
Dog;Pitbull (American Pitbull Terrier);DO;PBU;;F;Spot;8 years old;.;.;25;;;48;55;64;.;.;.;PhPT;.;32;18-Jun-11;Cephalic vein;Collegeville, Putho-Tuntungin, Los Baños, Laguna;;Mr. Rodrigo Cachuela;Terrier
Dog;Poodle (Toy);DO;POO;;M;Bebe;11-Jan-07;.;.;5.2;;;37;38;44;.;.;.;PhPT;.;5;6-May-11;Cephalic vein;#21 Matiyaga St., V. Luna, Quezon City;;Ms. Tintin Defensor;Non-sporting
Dog;Pug;DO;PUG;;M;Georgio;.;.;.;9.6;;;36;33;49;.;.;.;PhP25T;.;17;19-Apr-11;Cephalic vein;Herma Farms, Brgy. Dagatan, Lipa City, Batangas;;Dr. Mercy Pursuelo;Toys
Dog;Ridgeback;DO;RBK;;F;Madonna;16 months;.;.;29.6;;;62;64;72;.;.;.;PhP45T;.;38;19-Apr-11;Cephalic vein;Herma Farms, Brgy. Dagatan, Lipa City, Batangas;Africa working dogs (Lion hunters);Dr. Mercy Pursuelo;Hound
Dog;Shitzu;DO;SZU;;M;Choco;24-Mar-07;.;.;3.2;;;25;26;34;.;.;.;PhPT;.;14;6-May-11;Cephalic vein;#21 Matiyaga St., V. Luna, Quezon City;;Ms. Tintin Defensor;Non-sporting
Horse;Australian Miniature Horse;HO;AMH;;M;Patch;12 years;.;.;120;;;93;81;112;;;;US$5T;;25;19-Apr-11;Blood - jugular vein;Herma Farms, Brgy. Dagatan, Lipa City, Batangas;Australia;Herminio Esguerra;fancy
Horse;Thoroughbred;HO;THO;;M;Telesto;12 years;Mr. Prospector;Chimes of Freedom;540;;;154;132;196;.;.;.;PhP5M;.;58;19-Apr-11;Blood - jugular vein;Herma Farms, Brgy. Dagatan, Lipa City, Batangas;Kentucky, USA;Herminio Esguerra;race
Horse;Batangas Native Horse - Lipa, Batangas;HO;NLI;;M;Burikoy;12 years;.;.;207.1;.;.;123;112;140;.;.;.;PhP12T;.;36;19-Apr-11;Blood - jugular vein;Herma Farms, Brgy. Dagatan, Lipa City, Batangas;Lipa City, Batangas;Herminio Esguerra;draft
Horse;Bay-Laguna Native Horse;HO;NBY;;F;.;.;.;.;250;.;.;118;107;133;.;.;.;.;.;35;15-Feb-11;Blood - jugular vein;VTH, CVM, UPLB;Bay, Laguna;VTH, CVM, UPLB;draft
Horse;Cagayan Native Horse - Lal-lo, Cagayan;HO;NCG;;F;.;4 years old;.;.;.;.;.;119;104;145;.;.;.;.;.;35;12-May-11;Blood - jugular vein;Cagayan State University -  Lal-lo, Cagayan;Brgy Dalaya, Cagayan State University, Lal-lo, Cagayan;CSU - Lal-lo, Cagayan;draft
Horse;Ilocos Native Horse - Burgos, Ilocos Norte;HO;HIN;;F;.;;.;.;200;.;.;123;151;129;.;.;.;.;.;33;5-Jul-11;Blood - jugular vein;Pagali, Burgos, Ilocos Norte;Pagali, Burgos, Ilocos Norte;Mr. Bernard Malavi, Dr. Loida M. Valenzuela, Mr. Peter Icalia;draft
Horse;Leyte Native Horse - Merida, Leyte;HO;HLY;;F;.;2 years old;.;.;200;.;.;121;126;127;.;.;.;PhP5T;.;33;18-Jul-11;Blood - jugular vein;JR Farms, Puerto Bello, Merida, Leyte;Leyte;"Mr. Jose ""Lito"" Rodriguez, Puerto Bello, Merida, Leyte";Draft
Horse;Siniloan-Laguna Native Horse;HO;NSI;;F;Cristina;.;.;.;.;;;126;163;143;.;.;.;.;.;37;5-Feb-11;Blood - jugular vein;ADSC, CA, UPLB;Siniloan, Laguna;ADSC, CA, UPLB;draft
Pig;Duroc;PI;DUR;;M;.;.;Duroc, Jonjon-Rizal;Duroc, Iloilo/ITCPH;.;300;200;53;109;119;118;107;39.5;11;23;17;10-Dec-10;Blood - jugular vein;BAI-Tiaong, Quezon;"Rizal; Iloilo; ITCPH";BAI-DA;pork
Pig;Landrace;PI;LDR;;F;.;.;Landrace, Jonjon-Rizal;Landrace, Jon-jon x Iloilo;.;250;300;53.5;82;95;102;91;39;13.5;17;13;10-Dec-10;Blood - jugular vein;BAI-Tiaong, Quezon;"Rizal; Iloilo";BAI-DA;pork
Pig;Landrace;PI;LND;;F;1477;22-Jan-11;;;120;;;71;91;112;130;116;49;23;22;17;17-Jul-11;Blood - jugular vein;Timbao, Biñan, Laguna;Timbao, Biñan, Laguna;Mr. Antono C. Tamayo - TJ  (Nena-ling) Farms;pork
Pig;Large White;PI;LWH;;F;.;.;Large White, Jonjon-Rizal;Large White, Jon-jon x Iloilo;.;220;300;55;102;106;113;102;31;16;25;17;10-Dec-10;Blood - jugular vein;BAI-Tiaong, Quezon;"Rizal; Iloilo";BAI-DA;pork
Pig;Large White;PI;LWI;;F;109-4;19-Oct-09;;;155 kg;;;78;112;135;136;135;50;19;31;22;17-Jul-11;Blood - jugular vein;Timbao, Biñan, Laguna;Timbao, Biñan, Laguna;Mr. Antono C. Tamayo - TJ  (Nena-ling) Farms;pork
Pig;Pietrain;PI;PTR;;F;160;10-Sep-08;;;150;;;88;109;135;141;135;56;26;24;11;17-Jul-11;Blood - jugular vein;Timbao, Biñan, Laguna;Timbao, Biñan, Laguna;Mr. Antono C. Tamayo - TJ  (Nena-ling) Farms;pork
Pig;Miniature Pig;PI;MIP;;M;.;.;.;.;8;;;24;33;45;53;48;12;6;6;13;12-Aug-11;Blood - jugular vein;Umali Subd., Batong Malake, Los Baños, Laguna;;Dr. Undin Hurtada;pet
Pig;Cagayan Native Pig;PI;PCG;;M;.;.;.;.;23;.;.;50;61;71;84.0e;68.0e;24.0e;16.0e;10.5e;16;12-May-11;Blood - jugular vein;Brgy Casicalan Norte, Gattaran, Cagayan;Brgy Casicalan Norte, Gattaran, Cagayan;Mr. Joselito Elizaga;pork
Pig;Ilocos Native Horse - Burgos, Ilocos Norte;PI;PIN;;F;.;;.;.;75;.;.;28;47;40;50;46;20;9;2;12;5-Jul-11;Blood - jugular vein;Pasuquin, Iocos Norte;Pasuquin, Iocos Norte;Pasuquin Breeding Center;pork
Pig;Kalinga Native Pig;PI;KAL;;M;.;.;Kalinga;Kalinga;.;80;200;62;87.5;99;103;102.5;36.5;19;12;26;10-Dec-10;Blood - jugular vein;BAI-Tiaong, Quezon;Kalinga;BAI-DA;pork
Pig;Marinduque Native Pig;PI;PIQ;;M;.;.;Marinduque native pig;Marinduque native pig;.;.;.;58;103;86;.;87;.;31;21;.;20-Aug-11;Ear vein;Agot, Boac, Marinduque;Marinduque;Dr. Arnulfo M. Monleon;pork
Pig;Quezon Native Pig;PI;QUE;;M;.;.;San Narciso, Quezon;San Narciso, Quezon;.;100;200;49;77;103;99.5;92;30.5;13;13;30;10-Dec-10;Blood - jugular vein;BAI-Tiaong, Quezon;San Narciso, Quezon;BAI-DA;pork
Pig;F1 Large White x Marinduque Native Pig;PI;LWQ;;M;.;.;Large White;Marinduque native pig;.;.;.;.;.;.;.;.;.;.;.;.;20-Aug-11;Ear vein;Agot, Boac, Marinduque;Marinduque;Dr. Arnulfo M. Monleon;pork
Pig;F1 50 Duroc x 50 Pietrain cross;PI;DP1;;M;10-2-225;19-Oct-10;;;170;;;83;102;131;132;120;55;32;23;17;17-Jul-11;Blood - jugular vein;Timbao, Biñan, Laguna;Timbao, Biñan, Laguna;Mr. Antono C. Tamayo - TJ  (Nena-ling) Farms;pork
Pig;F1 50 Landrace 50 Large White cross;PI;LL1;;F;9101;27-Sep-10;;;150;;;81;97;128;133;122;58;27;21;19;17-Jul-11;Blood - jugular vein;Timbao, Biñan, Laguna;Timbao, Biñan, Laguna;Mr. Antono C. Tamayo - TJ  (Nena-ling) Farms;pork
Pig;F2 25 Duroc 25 Pietrain 25 Landrace 25 Large White;PI;X4W;;M;24305;26-Feb-11;;;85;;;65;78;105;130;112;42;19;15;13;17-Jul-11;Blood - jugular vein;Timbao, Biñan, Laguna;Timbao, Biñan, Laguna;Mr. Antono C. Tamayo - TJ  (Nena-ling) Farms;pork
Rabbit;California White;RA;CLW;;M;.;.;.;.;2.7;.;.;19;33;29;.;.;11;.;13;11;10-Feb-11;Ear vein;BAI-Tiaong, Quezon;BAI-Tiaong, Quezon;BAI-DA;meat
Rabbit;Chinchilla;RA;CHI;;M;.;.;.;.;2.7;.;.;23;29;33;.;.;11;.;12;9;10-Feb-11;Ear vein;BAI-Tiaong, Quezon;BAI-Tiaong, Quezon;BAI-DA;meat
Rabbit;New Zealand White;RA;NZW;;M;.;.;.;.;2.95;.;.;19;34;30;.;.;12;.;11;10;10-Feb-11;Ear vein;BAI-Tiaong, Quezon;BAI-Tiaong, Quezon;BAI-DA;meat
Man;Filipino;MA;FIL;CTCTGTATCCTTCTTCTTCAAGCTGAGCTGGGCCAGCCTCGCAACCTTCTATGTAACGACCACATCTACAACGTAATCGTCACAGCCCATGCATTTGTAATAATCTTCTTCATAGTAATACCCATCATAATCGGAGGCTTTGGCAACTGACTAGTTCCCCTAATAATCGGTGCCCCCGATATGGCGTTTCCCCGCATAAACAACATAAGCTTCTGACTCTTACCTCCCTCTCTCCTACTCCTGCTCGCATCTGCTATAGTGGAGGCCGGAGCAGGAACAGGTTGAACAGTCTACCCTCCCTTAGCAGGGAACTACTCCCACCCTGGAGCCTCCGTAGACCTAACCATCTTCTCCTTACACCTAGCAGGTGTCTCCTCTATCTTAGGGGCCATCAATTTCATCACAACAATTATCAATATAAAACCCCCTGCCATAACCCAATACCAAACGCCCCTCTTCGTCTGATCCGTCCTAATCACAGCAGTCCTACTTCTCCTATCTCTCCCAGTCCTAGCTGCTGGCATCACTATACTACTAACAGACCGCAACCTCAACACCACCTTCTTCGACCCCGCCGGAGGAGGAGACCCCATTCTATACCAACACCTATTCTGATTTTTTGGTCACCCTGGAAGTTTAA;M;OLBondoc;8-Sep-63;LOBondoc (Pampanga);CRLedesma (Capiz);80;.;.;170;104;61;.;.;.;.;.;.;17-Mar-11;Arm vein;LBDH, Los Baños, Laguna;Los Banos, Laguna;Dr. Orville L. Bondoc;Project leader
