farm_animal;breed;fa_code;breed_code;animal_name;dna_seq;sex;weight;wing;neck;breast;shank;beak;comb_type;earlobe_color;eye_color;shank_color;bill_beak_color;sampling_date;sample_type;place;origin;owner;purpose;random_egg;incubation_period
Chicken;Australorp;CH;AUS;;GTCTTCTCCACCATA-AAGACATT-GGCACTGGATTTGG-------------AATTATCTGCCACGTA-GGTAGGAGACGATCAATTTTACAATGTAATCGTCACAGCCCATGCTTT-CGTCAGAATCTTCTTTATAATGATACCCATCAAGATCGGTGGCTTCGGAAACTGACTATTCCCACTTATAATCTTTGCCCTTT-ACATAGCAATCCCCCGC-ATAAATAACATAAGCTTCTGACTCCTCCCTCCCTCCTTCCTTCTCCTACTACCCTCATCTACCGTAAAAG-CTGGGGCAAGCACAGGATGGACAGTTTACCCCCCTTTAGCCGGCAACCTAGCCCACGCTGGCGCATCAGTAGACCTAGCCATCTTTTCATTACACTTAGCAGGTGTTTCCTCCATTCTAGGAGCCATCAACTTTATCACTACCATCATCAACATAAAACCCCCCGCACTGTCACAATACCAAACACCCCTATTCGTATGATCCGTCCTCATTACTGCCATCCTACTACTCCTCTCCTTACCCGTCCTAGCAGCTGGGATTACCATACTACTTACCGACCGCAA-CCTTAACACCACATTCTTCGACCCAGCTGGAGGAGGAGACCCAA-TCCTATACCAA-CACCTATTCTGATTCTTCGGTCACCCCGAAGTTTACATCCTCATCCTCCCAGGATTTGGAATT;M;22;38.00;6.00;19.00;75.00;3.00;;;;;;14-Feb-11;Blood - wing vein;BAI-Tiaong, Quezon;USA;BAI-DA;Dual-type;;
Chicken;Barred Plymouth Rock;CH;BPR;;----GTTTCTCCACAACAAAGACTTGGCACTGGATTTGG--------------AATTATCTCACAAGT-ATTAGGAGACGACC-CTTATTCAAAGTAATCTCTGCAGCACTTGTTTT-CATCTGAATCTTCTTTATAATGCTACCCTTCATGATCGGTGGCTTTGGAAACTGACTAGTCCCGCTTAAAATCTTGGCCCTTT-ACATGCCTAACCCCCGC-ATTTGTG-TTTATTTACTAGGTTCCTCTTATGCTTTGTCGGTCTCTGTTCCCCCTCGATTTGGAATTATC-TCCCAGGTGGAACAGGATGGACATTTTACCCCCCTTTAGCCGGCAACCTAGCCCACGCTGGCGCATCAGTAGACCTAGCCATCTTTTCATTACACTTAGCAGGTGTTTCCTCCATTCTAGGAGCCATCAAATTTAGCACTACCGTCATCAACATAAAACGCCCCGCACAGAAATAATACCAAACACCCCTTTACGTAGGATCCGTCCTCGTTAATGCCATCCTACTACTCCTCTCCTTACCCATCCAATCAGGGGGTATTACCAAACTTCTTACCAACCGCAA-CTTTAACACCACATTCTTAAATCTATCTGGAGGAGGAAACCCCT-TCCTATACCAA-CACAAATTCTGATTCATATATCAGCTCGAAATTTACATCACCATCCTCCCCGGAATTGGATTT;M;19.00;37.0;19.0;215.0;10.0;45.0;single comb;red;light orange;yellow;yellow;23-Sep-10;Blood - wing vein;BAI-Tiaong, Quezon;USA;BAI-DA;Dual-type;60.0;21
Chicken;Black Giant;CH;BLG;;CGTTTCGCGACCACA-ATGACGTT-GGCACTGGAGTTGG--------------AGTTACCTGCCAAGTAAGTATGATATGTATTTATTTA-AAAATATTCTCTGCAAGACTTCTCTT-TACCTGTGATGCATCTCTAATGCTCACATTAGATGAGTTCGGCTTTAGTAGACGTG-AGTCCTTTTGCTTGAAATTGTTTTTTTTTCTGCCTAACATACAT-ATTTGTG-TTTGTTTTCTAGGTTTAGCTTATGCTTTGCTGGCCGCTGTTCCCCCAGGATTTGGAATTATCTCCCACG-TAGCACAGGATGGACAGTTTACCCCCCTTTAGCCGGCAACCTAGCCCACGCTGGCGCATCAATAAACCTAGCCATCTTTTCATTACACTTAGCAGGTGTTTCCTCCATTCTAGGAGCCATCAACTTTATCACTACCATCATCAACATAAAACCCCCCGCACTGTCACAATACCAAACACCCCTATTCGTATGATCCGTCCTCATTACTGCCATCCTACTACTCCTCTCCTTACCCGTCCTAGCAGCTGGGATTACCATACTACTTACCGACCGCAA-CCTTAACACCACATTCTTCGACCCAGCTGGAGGAGGAGACCCAA-TCCTATACCAA-CACCTATTCTGATTCTTCGGTCACCCCGAAGTTTACATCCTCATCCTCCCAGGATTTGGAATT;M;15.00;37.0;12.0;17.0;10.0;35.0;single comb;red;yellow/ red orange;green;black/ light yellow;9-Dec-10;Blood - wing vein;BAI-Tiaong, Quezon;USA;BAI-DA;Dual-type;55.0;21
Chicken;Black Jersey;CH;BLJ;;-GAATACATTTGTC-CTTGAC-TTTGGCGCATAACTTGG--------------ATAACCCGGAAATCT-ATTAGGAGACGATCAAATTTACAATGTAATCGTCACAGCCCATGCTTT-CGTCATAATCTTCTTTATAGTTATACCCATCATGATCGGTGGCTTCGGAAACTGACTAGTCCCACTTATAATCGGTGCCCCAG-ACATAGCATTCCCCCGC-ATAAATAACATAAGCTTCTGACTCCTCCCTCCCTCCTTCCTTCTCCTACTAGCCTCATCTACCGTAGAAG-CTGGGGCCGGCACAGGATGGACAGTTTACCCCCCTTTAGCCGGCAACCTAGCCCACGCTGGCGCATCAGTAGACCTAGCCATCTTTTCATTACACTTAGCAGGTGTTTCCTCCATTCTAGGAGCCATCAACTTTATCACTACCATCATCAACATAAAACCCCCCGCACTGTCACAATACCAAACACCCCTATTCGTATGATCCGTCCTCATTACTGCCATCCTACTACTCCTCTCCTTACCCGTCCTAGCAGCTGGGATTACCATACTACTTACCGACCGCAA-CCTTAACACCACATTCTTCGACCCAGCTGGAGGAGGAGACCCAA-TCCTATACCAA-CACCTATTCTGATTCTTCGGTCACCCCGAAGTTTACATCCTCATCCTCCCAGGATTTGGAATT;M;198.00;33.0;20.0;18.0;9.0;4.0;single comb;red;yellow/ light orange;green;black/ light yellow;4-Nov-10;Blood - wing vein;BAI-Tiaong, Quezon;USA;BAI-DA;Dual-type;63.0;21
Chicken;New Hampshire;CH;NHS;;;M;24.00;33.0;13.0;15.0;10.0;4.0;single comb;red;light yellow;yellow;black/ light yellow;4-Nov-10;Blood - wing vein;BAI-Tiaong, Quezon;USA;BAI-DA;Dual-type;59.0;21
Chicken;Rhode Island Red;CH;RIR;;;M;173.00;36.0;16.0;18.0;9.0;4.0;single comb;red;light yellow/ light orange;white;white/ black;4-Nov-10;Blood - wing vein;BAI-Tiaong, Quezon;USA;BAI-DA;Dual-type;59.0;21
Chicken;Taiwan Yellow;CH;TWY;;-GCATCGACTTTTC--CTGACATT-GGCGCAGAAGTTGG--------------ATATCCCGGAACTCT-ATTATGAGACGATCAAATTTACAAAGTAATCGTCGCAGCACATGCTTT-CGTCATAGTCGTCTTTATAGTGATACCCATCATGATCGGTGGCTTCAGAAAATGACTATTCCCACTTATAATCGGTGCCCCAT-ACATAGCAATCCCCCGC-ATAAATAACATATTCTTCTGACTCCTCCCTCCCTCCTTCCTTCTCCTACTACCCTCGTCTACCGTATAAG-CTGGGGCTAGCACAGGATGGACAGTTTACCCCCCTTTAGCCGGCAACCTAGCCCACGCTGGCGCATCAGTAGACCTAGCCATCTTTTCATTACACTTAGCAGGTGTTTCCTCCATTCTAGGAGCCATCAACTTTATCACTACCATCATCAACATAAAACCCCCCGCACTGTCACAATACCAAACACCCCTATTCGTATGATCCGTCCTCATTACTGCCATCCTACTACTCCTCTCCTTACCCGTCCTAGCAGCTGGGATTACCATACTACTTACCGACCGCAA-CCTTAACACCACATTCTTCGACCCAGCTGGAGGAGGAGACCCAA-TCCTATACCAA-CACCTATTCTGATTCTTCGGTCACCCCGAAGTTTACATCCTCATCCTCCCAGGATTTGGAATT;M;21.00;36.0;15.0;16.0;10.0;4.0;single comb;red;light yellow/ light orange;white;white/ black;4-Nov-10;Blood - wing vein;BAI-Tiaong, Quezon;Taiwan;BAI-DA;Dual-type;54.0;21
Chicken;White Leghorn;CH;WLH;;----GTTTCTCCACAACAAAGACTTGGCACTGGATTTGG--------------AATTATCTCACAAGT-CATAGGATATGACTATATT--CAATGTATTCTCTGCAGCACTTGTTTT-TATCTGTGTCGTCTTTTTAATGTTAACCTTCATGATCGGTGGCTTTGGAAAATGACTGTCCTTTTTTTTGAAATTGGTTTTTT-ACATACCAATCCCCCGC-ATTGGGG-TTGATTTTTCTGGTTAGCTTAGGCCTCCCTGGGTCTCGTTCCCCCCTGAATTGGAAATAACC-CCCGGGTAAGCACAGGATGGACATTTCCCCCCCCTTTAGCCGGCAACCTAGCCCACGCTGGCGCATCAGGGCACCTTTTC-TCTTTTCATTACACTTAGGAGGTGTTTCCCCCTTTCTAGGAGCCATCAACTTTATCACTACCATCCTCAACATAAAACCCCCCACACTGACTCAATACCAAACACCCCTATACGTTTAATCCGTCCTCGTTAATGCCATCCTACTACTCCTCTCCTTACCCGTCATAGCAGGGGGGATTACCATACTTCTTACCGACCGGAA-CTTTAACACCACATTCTTCAACCCTGCTGGGGGAGGAAACCCAC-TCCCA-ACCAA-CACCTGTTTTGATTCAGTGGTCACCTGAGAAATTAAATCTGCTTTCGGCCCGGAGTTGGAATT;M;166.00;33.0;15.0;20.0;8.0;39.0;single comb;white;orange;white;yellow;4-Nov-10;Blood - wing vein;BAI-Tiaong, Quezon;USA;BAI-DA;Egg-type;52.0;21
Chicken;Commercial Broiler (Cobb);CH;BRO;27d;-GCTTCTCCACCACA-ATGAC--TTGGCACAGGATTTGG--------------AATTCCCGGACCACT-ATTAGGAGACGACCAAATTTACAATGTAATCGTCACAGCCCATGCTTT-CGTCATAATCTTCTTTATAGTTATACCCATCATGATCGGTGGCTTCGGAAACTGACTAGTCCCGCTTATAATCGGTGCCCCAG-ACATAGCATTCCCCCGC-ATAAATAACATAAGCTTCTGACTCCTCCCTCCCTCCTTCCTTCTCCTACTAGCCTCATCTACCGTAGAAG-CTGGGGCCAGCACAGGATGGACAGTTTACCCCCCTTTAGCCGGCAACCTAGCCCACGCTGGCGCATCAGTAGACCTAGCCATCTTTTCATTACACTTAGCAGGTGTTTCCTCCATTCTAGGAGCCATCAACTTTATCACTACCATCATCAACATAAAACCCCCCGCACTGTCACAATACCAAACACCCCTATTCGTATGATCCGTCCTCATTACTGCCATCCTACTACTCCTCTCCTTACCCGTCCTAGCAGCTGGGATTACCATACTACTTACCGACCGCAA-CCTTAACACCACATTCTTCGACCCAGCTGGAGGAGGAGACCCAA-TCCTATACCAA-CACCTATTCTGATTCTTCGGTCACCCCGAAGTTTACATCCTCATCCTCCCAGGATTTGGAATT;M;125.00;23.0;3.0;12.0;6.0;25.0;;;;;;14-Feb-11;Blood - wing vein;ADSC, CA, UPLB;San Miguel Corp, Calamba, Laguna;ADSC, CA, UPLB;Meat-type;;
Chicken;Commercial Layer (Babcock);CH;LAY;;-GTTTCTACTCCACA-ATTACGTC-GGCGCAGGATTTGG--------------ACTTCCCGGAACACT-ATTAGGAGACGACCAAATTTACAATGTAATCGTCACAGCCCATGCTTT-CGTCATAATCTTCTTTATAGTTATACCCATCATGATCGGTGGCTTCGGAAACTGACTAGTCCCGCTTATAATCGGTGCCCCAG-ACATAGCATTCCCCCGC-ATAAATAACATAAGCTTCTGACTCCTCCCTCCCTCCTTCCTTCTCCTACTAGCCTCATCTACCGTAGAAG-CTGGGGCCGGCACAGGATGGACAGTTTACCCCCCTTTAGCCGGCAACCTAGCCCACGCTGGCGCATCAGTAGACCTAGCCATCTTTTCATTACACTTAGCAGGTGTTTCCTCCATTCTAGGAGCCATCAACTTTATCACTACCATCATCAACATAAAACCCCCCGCACTGTCACAATACCAAACACCCCTATTCGTATGATCCGTCCTCATTACTGCCATCCTACTACTCCTCTCCTTACCCGTCCTAGCAGCTGGGATTACCATACTACTTACCGACCGCAA-CCTTAACACCACATTCTTCGACCCAGCTGGAGGAGGAGACCCAA-TCCTATACCAA-CACCTATTCTGATTCTTCGGTCACCCCGAAGTTTACATCCTCATCCTCCCAGGATTTGGAATA;F;17.00;30.0;9.0;16.0;9.0;4.0;;;;;;14-Feb-11;Blood - wing vein;ADSC, CA, UPLB;San Miguel Corp, Calamba, Laguna;ADSC, CA, UPLB;Egg-type;;21
Chicken;SASSO;CH;SAS;;-GTTTCTACTTAACACTTCACATTCGGCGCAGAACTTGG--------------ACAGCCCGGAACTCT-ATTAGGAGACGACCAAATTTACAATGTAATCGTCACAGCCCATGCTTT-CGTCATAATCTTCTTTATAGTTATACCCATCATGATCGGTGGCTTCGGAAACTGACTAGTCCCGCTTATAATCGGTGCCCCAG-ACATAGCATTCCCCCGC-ATAAATAACATAAGCTTCTGACTCCTCCCTCCCTCCTTCCTTCTCCTACTAGCCTCATCTACCGTAGAAG-CTGGGGCCAGCACAGGATGGACAGTTTACCCCCCTTTAGCCGGCAACCTAGCCCACGCTGGCGCATCAGTAGACCTAGCCATCTTTTCATTACACTTAGCAGGTGTTTCCTCCATTCTAGGAGCCATCAACTTTATCACTACCATCATCAACATAAAACCCCCCGCACTGTCACAATACCAAACACCCCTATTCGTATGATCCGTCCTCATTACTGCCATCCTACTACTCCTCTCCTTACCCGTCCTAGCAGCTGGGATTACCATACTACTTACCGACCGCAA-CCTTAACACCACATTCTTCGACCCAGCTGGAGGAGGAGACCCAA-TCCTATACCAA-CACCTATTCTGATTCTTCGGTCACCCCGAAGTTTACATCCTCATCCTCCCAGGATTTGGAATC;M;26.00;41.0;16.0;17.0;85.0;4.0;;;;;;14-Feb-11;Blood - wing vein;ADSC, CA, UPLB;"Teresa Farms, San Mateo Rizal; France";ADSC, CA, UPLB;Meat-type;;21
Chicken;Banaba;CH;BAN;;-GTTTCTCCACAACA-AAGACGTT-GGCACAGGAGTTGG--------------AAATACCTCCCAAGT-AATAGGAGACGACT-TTTTTTCAAAGTATTCGCTGCAAGACTTGTTTT-TGTCTGAGATGTATTTATAGTGCTCACCTTCGAGGAGGGCGGCTTCAGAAAACGTGTAGTCTTTTGCTTGAAATTGGCCTTTT-TTCGGCTAAACCCCCGT-ATTGGGG-TTGATTTTCCTGACTCCTCCCTCCCTTCTTCGGTCTCCTACCCCCCTGGATTGGAAATAACT-TCCGGGGAAGCACAGGATGGACAGTTTACCCCCCCTTAGCCGGCCCCCTAGCCCACCCTGGCGCCTCAGTAGACCTAGCCCCCTTTTCATTACACTTAGGAGGTGTTCCCTCCATTCTAGGAGCCATCAACTTGATCACTACGATCATCAACATAAAACCCCCCGCACTGACACAATACCTCGTACCCCTATTGTTATGATCCGTCCTCATTACTGCCATCCTACTACTCCTCTCCTTACCCGTCCTAGCAGCTGGGATTACCTTACAACTTACCGACCGCAA-CCTTAACACCACATTCTTCAACCCAGCTGGAGGAGGAGACCCCT--CCTAAACCAA-CACCTATTCTGATTCTTAGGTCACCTCGAAGTTTGCATCCTCTTCCTCCCAGGATTTGGAATT;M;19.00;36.0;16.0;20.0;8.0;3.0;single comb;red;light orange/ brown;yellow;black/ light yellow;4-Nov-10;Blood - wing vein;BAI-Tiaong, Quezon;Brgy Banaba, Padre Garcia and Brgy Banaba, Batangas City - Batangas;BAI-DA;Meat-type;43.0;21
Chicken;Camarines;CH;BIC;;;M;;35.0;10.0;22.0;9.0;4.0;;;;;;23-Jun-11;Blood - wing vein;ADSC, CA, UPLB;CBSUA, Pili, Camarines Sur;CBSUA (c/o Dr Fidel Talay);Meat-type;;
Chicken;Darag;CH;DAR;;GTGAAAGAAGAGGAGGAAAAAGAGAGGAACAGGAGGGGA--------------A-ATATCCAAGAAGT-AGTATTATATCCCT-TCTAGCCAAAGTACCCG-GTTTGAAGTTTTCT--TTTGGGAGTCGCTATTTTGAATGTGAATTAAAGGAGTTA-TTCTTAGAGAGACATGCAGGATTTGGAATTATCTCCGCCGTAT-TTCTGCCTATCCCCCGT-ATTTGTG-TTTGTTTTTCTG-TTCCTCCCTCCCTCTGTCCGTCTCCTACCCCCCTCGTCTTCCGTATAAC-CCGGGGCCAGCACAGGATGGACAGTTTACCCCCCTTTAGCCGGCAACCTAGCCCACGCTGGCGCATCAATAGACCTAGCCTTCTTTTCATTACACTTAGCAGGTGTTTCCTCCATTCTAGGAGCCATCAACTTTATCACTACCATCATCAACATAAAACCCCCCGCACTGTCACAATACCAAACACCCCTATTCGTATGATCCGTCCTCATTACTGCCATCCTACTACTCCTCTCCTTACCCGTCCTAGCAGCTGGGATTACCATACTACTTACCGACCGCAA-CCTTAACACCACATTCTTCGACCCAGCTGGAGGAGGAGACCCAA-TCCTATACCAA-CACCTATTCTGATTCTTCGGTCACCCCGAAGTTTACATCCTCATCCTCCCAGGATTTGGAATT;M;23.00;334.0;95.0;17.0;10.0;35.0;single comb;;;;;7-Apr-11;Blood - wing vein;ADSC, CA, UPLB;WVSU, La Paz, Iloilo City;"WVSU (c/o Pres Pablo E Subong, Jr; George Roxas)";Meat-type;498.0;21
Chicken;Igon;CH;IGN;;GGCAATTAAGCGGTCGAAAAGGCTAGGTGCAGGCTTGTT--------------TTGAATAGGAGAAAT-AATAACAAATAACT-TCTAGCCTACTCTTCAAAGATAGAGGTTTTCAAATTGGGATTTCACTATTTTGAATGTGAAGCAAAAGAAAAAATTAAAAGAGGGAGATGCAGGATTTGGAATTATCTCCCACGTTA-ACATAGCACTCCCCCGT-ATTTGGG-TTTAAGCTTCCGACTCCTCCCTCCCTTTTTCCTTCTCCTACTACCCTCGTCTACCGTAGAAG-CCCGGGCCAACACAGGATGGACAGTTTACCCCCCTTTAGCCGGCAACCTATCCCACGCTGGCGCATCAATAGACCTAGCCTTCTTTTCATTACACTTAGCAGGTGTTTCCTCCATTCTAGGAGCCATCAACTTTATCACTACCATCATCAACATAAAACCCCCCGCACTGTCACAATACCAAACACCCCTATTCGTATGATCCGTCCTCATTACTGCCATCCTACTACTCCTCTCCTTACCCGTCCTAGCAGCTGGGATTACCATACTACTTACCGACCGCAA-CCTTAACACCACATTCTTCGACCCAGCTGGAGGAGGAGACCCAA-TCCTATACCAA-CACCTATTCTGATTCTTCGGTCACCCCGAAGTTTACATCCTCATCCTCCCAGGATTTGGAATT;M;205.00;305.0;86.0;173.0;85.0;35.0;single comb;;;;;7-Apr-11;Blood - wing vein;ADSC, CA, UPLB;Tiwi, Albay;Mr Nestor Ebuenga, Jr;Meat-type;493.0;
Chicken;Joloano;CH;JOL;;TGTTTCTCCACAACA-AAGACATT-GGCACATGATTTGG--------------AATTACCTGACCTGT-ATTAGGAGACGATT-CATAGACAATGTAATCGG-GCAGCCCATGCTTT-CGTCATAATCTTCTTTATAGTGTTACCCATCACGATCGGTGGCTTCGGAAACGGACTAGTCACACTTATAATCGGCGCCCCAG-ACATACCAATCCCCCGC-ATCGG-AACATAATCTTCTGACTCCTCCCTCCCTCCTTCCTTCTCCTACTAGCCTCATCTACCGTAAAAG-CTGGGGCCAGCACAGGATGGACAGTTTACCCCCCTTTAGCCGGCAACCTAGCCCACGCTGGCGCATCGATAGACCTATCCTTCTTTTCATTACACTTAGCAGGTGTTTCCTCCATTCTAGGAGCCATCAACTTTATACCTACCATCCTCAACATAAAACCCCCCGCACTGACACAATACCTCACTCCCCTATTCGTATGATCCGTCCTCATTAATGCCATCCTACTACTCCTCTCCTTACCCGTCCTAGCAGCGGGGATTACCATACTACTTACCGACGGCAA-CCTTAACACCACATTCTTCAACCCTTCTGGAGGAGGAAACCCAA-TCCTATACCAA-CACCAATTCTGATTCTTCAGTCACCCCGAAGTTTACATCCTCATCCTCCCACGATTTGGACTT;M;256.00;30.0;20.0;23.0;10.0;42.0;buttercup;red;light yellow;yellow;black/ light yellow;23-Sep-10;Blood - wing vein;BAI-Tiaong, Quezon;Zamboanga City (Zamboanga el Sur);BAI-DA;Meat-type;57.0;21
Chicken;Palawan Lasak;CH;PAL;;GCTGTCTCCACCACA-AAGACATT-GGACCAGGATTTGC-AATTATCTCCCACGTATATCTCACTAGT-AGCTACCACCCAGCAAAAAGACGTTGGCAGATGATTTGTGTATATCTT-CAAAATAATCCCCAATAAAATTATACCCATCAGGATCGGTGGCTTCAGAAACTGACTAGTCCCACTTATAATCGGTGCCCCAG-ACATACCATTCCCCCGC-ATAAATAACATAAGCTTCTGACTCCTCCCTCCCTCCTTCCTTCTCCTACTAGCCTCATCTACCGTAGAAG-CTGGGGCCAGCACAGGATGGACAGTTTACCCCCCTTTAGCCGGCAACCTAGCCCACGCTGGCGCATCAGTAGACCTAGCCATCTTTTCATTACACTTAGCAGGTGTTTCCTCCATTCTAGGAGCCATCAACTTTATCACTACCATCATCAACATAAAACCCCCCGCACTGTCACAATACCAAACACCCCTATTCGTATGATCCGTCCTCATTACTGCCATCCTACTACTCCTCTCCTTACCCGTCCTAGCAGCTGGGATTACCATACTACTTACCGACCGCAA-CCTTAACACCACATTCTTCGACCCAGCTGGAGGAGGAGACCCAA-TCCTATACCAAACACCTATTCTGATTCTTCGGTCACCCCGAAGTTTACATCCTCATCCTCCCAGGATTTGGAATT;M;19.00;303.0;152.0;163.0;7.0;41.0;;;;;;8-Apr-11;Blood - wing vein;BAI-Tiaong, Quezon;Palawan;BAI-DA;Meat-type;;21
Chicken;Paraoakan;CH;PAR;;------------------ATCCTT-GGCAAG-GATTTGG--ATTATGTCTTACATATACCGCACTAGT-AATAGGAGACGATCAAAATTACAATGTAATCGTCACAGCCCATGCTTT-CGTCATAATCTTCTTTATAGTTATACCCATCATGATCGGTGGCTTCGGAAACTGACTAGTCCCACTTATAATCGGTGCCCCAG-ACATAGCATTCCCCCGC-ATAAATAACATAAGCTTCTGACTCCTCCCTCCCTCCTTCCTTCTCCTACTAGCCTCATCTACCGTAGAAG-CTGGGGCCAGCACAGGATGGACAGTTTACCCCCCTTTAGCCGGCAACCTAGCCCACGCTGGCGCATCAGTAGACCTAGCCATCTTTTCATTACACTTAGCAGGTGTTTCCTCCATTCTAGGAGCCATCAACTTTATCACTACCATCATCAACATAAAACCCCCCGCACTGTCACAATACCAAACACCCCTATTCGTATGATCCGTCCTCATTACTGCCATCCTACTACTCCTCTCCTTACCCGTCCTAGCAGCTGGGATTACCATACTACTTACCGACCGCAA-CCTTAACACCACATTCTTCGACCCAGCTGGAGGAGGAGACCCAAATCCTATACCAA-CACCTATTCTGATTCTTCGGTCACCCCGAAGTTTACATCCTCATCCTCCCAGGATTTGGAATT;M;196.00;34.0;185.0;275.0;9.0;35.0;buttercup;red;light yellow/ red orange;yellow;light yellow/ black;23-Sep-10;Blood - wing vein;BAI-Tiaong, Quezon;"Busuanga Island; Palawan";BAI-DA;Meat-type;46.0;21
Chicken;Golden Seabright Bantam;CH;GSB;;;M;5.00;242.0;78.0;105.0;55.0;3.0;;;;;;8-Apr-11;Blood - wing vein;Brgy Silanganan, Dolores, Quezon;John Seabright, UK;Dr Rene C Santiago;Fancy;;21
Chicken;Silver Seabright Bantam;CH;SSB;;;M;7.00;217.0;76.0;106.0;55.0;35.0;;;;;;8-Apr-11;Blood - wing vein;Brgy Silanganan, Dolores, Quezon;John Seabright, UK;Dr Rene C Santiago;Fancy;;21
Chicken;Blue Cochin;CH;BCO;;-GCTTCGACACAAC--CTGACATC-GGCGCAGAATTTGG--------------ACTTCCCGGAACACT-ATTAGGAGACGACCAATTTTACAATGTAATCGTCGCAGCCCTTGCTTT-CGTCTTAGTCTTCTTTATAGTTATACCCATCATGATCGGTGGCTTCGGAAACTGACTAGTCCCGCTTATAATCGGTGCCCTTT-ACATAGCAATCCCCCGC-ATTG-TGTTATATTCTTCTGACTCCTCCCTCCCTCCTTCCTTCTCCTACTAGCCTGATCTACCGTAAAAG-CTGGGGTAGGCACAGGATGGACAGTTTACCCCCCTTTAGCCGGCAACCTAGCCCACGCTGGCGCATCAGTAGACCTAGCCATCTTTTCATTACACTTAGCAGGTGTTTCCTCCATTCTAGGAGCCATCAACTTTATCACTACCATCATCAACATAAAACCCCCCGCACTGTCACAATACCAAACACCCCTATTCGTATGATCCGTCCTCATTACTGCCATCCTACTACTCCTCTCCTTACCCGTCCTAGCAGCTGGGATTACCATACTACTTACCGACCGCAA-CCTTAACACCACATTCTTCGACCCAGCTGGAGGAGGAGACCCAA-TCCTATACCAA-CACCTATTCTGATTCTTCGGTCACCCCGAAGTTTACATCCTCATCCTCCCAGGATTTGGAAT-;M;75.00;23.0;5.0;15.0;55.0;3.0;;;;;;10-Feb-11;Blood - wing vein;BAI-Tiaong, Quezon;USA;BAI-DA;Fancy;;21
Chicken;Silky;CH;SIL;;CGTTTCTCCACCACA-AAGAC-TT-GGCACTTGATTTGG--------------AAATATCTGCCAAGTAAGTATTATATGAATTTAATTA-AAAATATTCTCTGCAAGACTTCTCTT-TACCTGTGATGCATCTCTAATGCTCACATTAGATGAGTTCGGCTTTAGTAAACTTG-AGTCCTTTTGCTTGAAATTGTTTTTTTTTTTGCCCAACCAACAT-ATTTGTG-TTTGTTTTCTAGGTTTAACTTTTTCTTTGCCGGGCTCTTTTCCCCCTGGATTTTGAAATATCCCCCACG-AAAAACAGGATGGACAGTTCCCCCCCCTTTAACCGGCAACCTACCCCACGCTGGCTGAACGATGAACCTTTCCATCTTTTAATTACACTTAGCAGGTGTTTCCTCCATAACAGGAGCCATCAAAATAGGAACCACCGTCCCCAACATAAAACCCCCCGCACTGAAATACAACCACCTTTCTTATTACGTAGGTTCCGCCATCGTAAAAGGAATCCAACACCACAACCCCTGGCCCAACCAATCAGGGGGGACTGCAATAAAACTTACCAATGGTAAACTTTAACATCATTTGACAAGCCTCAGGGGGAGAATGGAATCAAC-TCCGCCACCAA-AATTAAATGAGACTCACGATATACTTTGAGATATAGATCCTCATCTATCCAGATTATTTT---;M;167.00;27.0;18.0;22.0;7.0;39.0;buttercup;white/ black;black;green;white;23-Sep-10;Blood - wing vein;BAI-Tiaong, Quezon;China;BAI-DA;Fancy;44.0;21
Chicken;Bohol-Labuyo;CH;BOH;;;M;65.00;26.0;7.0;10.0;6.0;2.0;;;;;;22-Aug-11;Blood - wing vein;ADSC, CA, UPLB;Mt Rizal, Batuan,  Bohol;"Mr Jose Bigcas; Dr Agapita Salces";Red jungle fowl;;21
Chicken;Bulusan-Labuyo;CH;BUL;;-GCTTCTCCACCACA-AAGACATT-GGCACAGGATTTGG-AATTATCTCCCACGTAGCCCTCACCACT-ATCAAGCACCTAGCAAATTGACAATGTAATCGTTACAGCCTATGCTTT-CGTCATAATCTTCTTTATAGTTATACCCATCATGATCGGTGGCTTCGGAAACTGACTAGTCCCACTTATAATCGGTGCCCCAG-ACATAGCATTCCCCCGC-ATAAATAACATAAGCTTCTGACTCCTCCCTCCCTCCTTCCTTCTCCTACTAGCCTCATCTACCGTAGAAG-CTGGGGCCGGCACAGGATGGACAGTTTACCCCCCTTTAGCCGGCAACCTAGCCCACGCTGGCGCATCAGTAGACCTAGCCATCTTTTCATTACACTTAGCAGGTGTTTCCTCCATTCTAGGAGCCATCAACTTTATCACTACCATCATCAACATAAAACCCCCCGCACTGTCACAATACCAAACACCCCTATTCGTATGATCCGTCCTCATTACTGCCATCCTACTACTCCTCTCCTTACCCGTCCTAGCAGCTGGGATTACCATACTACTTACCGACCGCAA-CCTTAACACCACATTCTTCGACCCAGCTGGAGGAGGAGACCCAA-TCCTATACCAA-CACCTATTCTGATTCTTCGGTCACCCCGAAGTTTACATCCTCATCCTCCCAGATTTGGAATA-;M;7.00;29.0;65.0;13.0;6.0;3.0;;;;;;28-Apr-11;Blood - wing vein;ADSC, CA, UPLB;Mt Bulusan, San Roque, Bulusan, Sorsogon;Mr Nestor Ebuenga, Jr;Red jungle fowl;;21
Chicken;Cagayan-Labuyo;CH;CAG;;GCTTTCTCCACCACA-AAGACATT-GGCACAGGATTTGG-AATTATCTCCCACGATTACCTCACTAGT-AACAGGCACCTAGCAAAATGACAATGTAACCGTCATAACCTATGCTTT-CGTAATAATCTTCTTTATAGTTATACCCATCATGATCGGTGGCTTCGGAAACTGACTAGTCCCACTTATAATCGGTGCCCCAG-ACATAGCATTCCCCCGC-ATAAATAACATAAGCTTCTGACTCCTCCCTCCCTCCTTCCTTCTCCTACTAGCCTCATCTACCGTAGAAG-CTGGGGCCGGCACAGGATGGACAGTTTACCCCCCTTTAGCCGGCAACCTAGCCCACGCTGGCGCATCAGTAGACCTAGCCATCTTTTCATTACACTTAGCAGGTGTTTCCTCCATTCTAGGAGCCATCAACTTTATCACTACCATCATCAACATAAAACCCCCCGCACTGTCACAATACCAAACACCCCTATTCGTATGATCCGTCCTCATTACTGCCATCCTACTACTCCTCTCCTTACCCGTCCTAGCAGCTGGGATTACCATACTACTTACCGACCGCAA-CCTTAACACCACATTCTTCGACCCAGCTGGAGGAGGAGACCCAA-TCCTATACCAA-CACCTATTCTGATTCTTCGGTCACCCCGAAGTTTACATCCTCATCCTCCCAGGATTTGGAATT;M;95.00;285.0;8.0;15.0;6.0;3.0;;;;;;12-May-11;Blood - wing vein;Cagayan State University -  Lal-lo, Cagayan;Mt Sierra Madre, Cagayan State University - Brgy San Marinao, Lal-lo, Cagayan;CSU - Lal-lo, Cagayan;Red jungle fowl;;21
Chicken;Camarines Sur-Labuyo;CH;CAM;745;GCTGTCTCCACCACA-AAGACATT-GGCACAGGATTTGG-AATTATCTCCCACGTATCTCTCACTAGT-AACAAGCACCATGGCCCATGAT-TTGTGTTATCTATGACATAGCCCTA-AGGAAAAAACGGAGAACCAGCTTCAGGATTTGGAATTATCTCCCACGTAAACTGACTAGTCCCACTTATACTCGGTGCCCCATTACATAGCATTCCCCCGC-ATAAATAACATAAGCTTCTGACTCCTCCCTCCCTCCTTCCTTCTCCTACTAGCCTCATCTACCGTAGAAG-CTGGGGCCGGCACAGGATGGACAGTTTACCCCCCTTTAGCCGGCAACCTAGCCCACGCTGGCGCATCAGTAGACCTAGCCATCTTTTCATTACACTTAGCAGGTGTTTCCTCCATTCTAGGAGCCATCAACTTTATCACTACCATCATCAACATAAAACCCCCCGCACTGTCACAATACCAAACACCCCTATTCGTATGATCCGTCCTCATTACTGCCATCCTACTACTCCTCTCCTTACCCGTCCTAGCAGCTGGGATTACCATACTACTTACCGACCGCAA-CCTTAACACCACATTCTTCGACCCAGCTGGAGGAGGAGACCCAA-TCCTATACCAA-CACCTATTCTGATTCTTCGGTCACCCCGAAGTTTACATCCTCATCCTCCCAGGATTTGGAATT;M;75.00;29.0;7.0;14.0;7.0;35.0;;;;;;18-May-11;Blood - wing vein;ADSC, CA, UPLB;Mt Agustin, Dalupaon, Pasacao, Camarines Sur;Mr Gime Mortalla;Red jungle fowl;;21
Chicken;Camarines Norte-Labuyo;CH;CAN;;-CTGTCTCCACCACA-AAGACATT-GGCACAGGATTTGG-AATTATCTCCCACATTGCCCGGACTACT-ATTAGGAGACGATCAAATTTACAATGTAATCGTCACAGCCCATGCTTT-CGTCATAATCTTCTTTATAGTTATACCCATCATGATCGGTGGCTTCGGAAACTGACTAGTCCCACTTATAATCGGTGCCCCAG-ACATAGCATTCCCCCGC-ATAAATAACATAAGCTTCTGACTCCTCCCTCCCTCCTTCCTTCTCCTACTAGCCTCATCTACCGTAGAAG-CTGGGGCCGGCACAGGATGGACAGTTTACCCCCCTTTAGCCGGCAACCTAGCCCACGCTGGCGCATCAGTAGACCTAGCCATCTTTTCATTACACTTAGCAGGTGTTTCCTCCATTCTAGGAGCCATCAACTTTATCACTACCATCATCAACATAAAACCCCCCGCACTGTCACAATACCAAACACCCCTATTCGTATGATCCGTCCTCATTACTGCCATCCTACTACTCCTCTCCTTACCCGTCCTAGCAGCTGGGATTACCATACTACTTACCGACCGCAA-CCTTAACACCACATTCTTCGACCCAGCTGGAGGAGGAGACCCAA-TCCTATACCAA-CACCTATTCTGATTCTTCGGTCACCCCGAAGTTTACATCCTCATCCTCCCAGGATTTGGAATT;M;1.00;28.0;6.0;15.0;6.0;3.0;;;;;;11-Jun-11;Blood - wing vein;ADSC, CA, UPLB;Mt Guinatungan, Bgy Basud, Daet, Camarines Norte;Mr Gideon Napecole;Red jungle fowl;;21
Chicken;Capiz-Labuyo;CH;CPZ;;-CTGACTCCACCG-G-AAGACATT-GGGCCAGGATTTTGCAATTATAACTAGGATAGCCCGGAACACT-ATTAGGAGACGATCAAATTTACAATGTAATCGTTACAGCCCATGCTTT-CGTCATAATCTTCTTTATAGTTATACCCATCATGATCGGTGGCTTCGGAAACTGACTAGTCCCACTTATAATCGGTGCCCCAG-ACATAGCATTCCCCCGC-ATAAATAACATAAGCTTCTGACTCCTCCCTCCCTCCTTCCTTCTCCTACTAGCCTCATCTACCGTAGAAG-CTGGGGCCGGCACAGGATGGACAGTTTACCCCCCTTTAGCCGGCAACCTAGCCCACGCTGGCGCATCAGTAGACCTAGCCATCTTTTCATTACACTTAGCAGGTGTTTCCTCCATTCTAGGAGCCATCAACTTTATCACTACCATCATCAACATAAAACCCCCCGCACTGTCACAATACCAAACACCCCTATTCGTATGATCCGTCCTCATTACTGCCATCCTACTACTCCTCTCCTTACCCGTCCTAGCAGCTGGGATTACCATACTACTTACCGACCGCAA-CCTTAACACCACATTCTTCGACCCAGCTGGAGGAGGAGACCCAA-TCCTATACCAA-CACCTATTCTGATTCTTCGGTCACCCCGAAGTTTACATCCTCATCCTCCCAGGATTTGGAATA;M;7.00;26.0;6.0;14.0;5.0;3.0;;;;;;6-May-11;Blood - wing vein;UPCVM-Diliman Comapanion Animal Clinic;Mt Supu, Agmalobo, Ivisan, Capiz;Mr Raymund R Ledesma;Red jungle fowl;;21
Chicken;Catanduanes-Labuyo;CH;CTD;745;-CTGTCTCCACCACG-AAGACATT-GGCACAGGATTTGG-AATTATATCTAAGATAGCCCGGAACACT-ATTAGGAGACGATCAAATTTACAATGTAATCGTCACAGCCCATGCTTT-CGTCATAATCTTCTTTATAGTTATACCCATCATGATCGGTGGCTTCGGAAACTGACTAGTCCCACTTATAATCGGTGCCCCAG-ACATAGCATTCCCCCGC-ATAAATAACATAAGCTTCTGACTCCTCCCTCCCTCCTTCCTTCTCCTACTAGCCTCATCTACCGTAGAAG-CTGGGGCCGGCACAGGATGGACAGTTTACCCCCCTTTAGCCGGCAACCTAGCCCACGCTGGCGCATCAGTAGACCTAGCCATCTTTTCATTACACTTAGCAGGTGTTTCCTCCATTCTAGGAGCCATCAACTTTATCACTACCATCATCAACATAAAACCCCCCGCACTGTCACAATACCAAACACCCCTATTCGTATGATCCGTCCTCATTACTGCCATCCTACTACTCCTCTCCTTACCCGTCCTAGCAGCTGGGATTACCATACTACTTACCGACCGCAA-CCTTAACACCACATTCTTCGACCCAGCTGGAGGAGGAGACCCAA-TCCTATACCAA-CACCTATTCTGATTCTTCGGTCACCCCGAAGTTTACATCCTCATCCTCC--AGATTGGATACT;M;9.00;28.0;8.0;16.0;6.0;3.0;;;;;;11-Jun-11;Blood - wing vein;ADSC, CA, UPLB;Mt Silungan, Brgy San Vicente, Virac, Catanduanes;Mr Arturo Sanodio;Red jungle fowl;;21
Chicken;Dayapan-Labuyo;CH;DAY;;-GCATCCACTTAACACTTC-TATTTGGCGCAGAACTTGG--------------ACAGCCCGGAACTCT-ATTAGGAGACGATCAAATTTACAATGTAATCGTCACAGCCCATGCTTT-CGTCATAATCTTCTTTATAGTTATACCCATCATGATCGGTGGCTTCGGAAACTGACTAGTCCCACTTATAATCGGTGCCCCAG-ACATAGCATTCCCCCGC-ATAAATAACATAAGCTTCTGACTCCTCCCTCCCTCCTTCCTTCTCCTACTAGCCTCATCTACCGTAGAAG-CTGGGGCCGGCACAGGATGGACAGTTTACCCCCCTTTAGCCGGCAACCTAGCCCACGCTGGCGCATCAGTAGACCTAGCCATCTTTTCATTACACTTAGCAGGTGTTTCCTCCATTCTAGGAGCCATCAACTTTATCACTACCATCATCAACATAAAACCCCCCGCACTGTCACAATACCAAACACCCCTATTCGTATGATCCGTCCTCATTACTGCCATCCTACTACTCCTCTCCTTACCCGTCCTAGCAGCTGGGATTACCATACTACTTACCGACCGCAA-CCTTAACACCACATTCTTCGACCCAGCTGGAGGAGGAGACCCAA-TCCTATACCAA-CACCTATTCTGATTCTTCGGTCACCCCGAAGTTTACATCCTCATCCTCCCAGGATTTGGAAT-;M;5.00;285.0;3.0;135.0;65.0;3.0;single comb;red;red orange;green;black/ white;20-Dec-10;Blood - wing vein;Ibaan, Batangas;Mapolo Hill, Brgy Dayapan, Ibaan, Batangas;Mr Josenieto Bihis;Red jungle fowl;;21
Chicken;Dolores-Labuyo;CH;DOL;;;M;85.00;285.0;95.0;121.0;65.0;31.0;single comb;;;;;8-Apr-11;Blood - wing vein;Brgy Silanganan, Dolores, Quezon;Mt Banahaw, Dolores, Quezon;Dr Rene C Santiago;Red jungle fowl;;
Chicken;Ilocos -Labuyo;CH;ILC;;;M;75.00;29.0;95.0;14.0;7.0;3.0;;;;;;1-Jul-11;Blood - wing vein;ADSC, CA, UPLB;Mt Kamandingan, Pandan, Sarrat,  Ilocos Norte;"Mr Modesto R Alonzo; Mr Peter Icalia";Red jungle fowl;;21
Chicken;Isabela -Labuyo;CH;ISB;742;-ATTTCTCTACC-CA-CAGACCTT-GTGCCAGGAGTTGT-AATTATCTCTCACATATACCCCCCTAGT-ATCTTGGCCCCCA--CAATGACAATGTGTACTGATCACCGCATTCGTT-CCTAACAAACTCCTTTATATTTATACCCATCATGGGCTGTGGGGTCTGAAACTGAGAAATCCCACCAATAATAACTGCCCTCT-AAATATCCTTCCCCCGC-TCGAAT--TATACGCTTCTGAATCCTCCTGCACTCCTGCTTCCTTCTGA-AGTCATAACAACCACAAAAG-ATGGGGCCGG-AGGGGATGAATAGTTTACCTCCCTTTTTTCCGCG-CCGCCCCTCCGGTGGTACAATATTAGTTGTCCTCACCTTTTGTTTTTTCTTTACAAGTGTTTCTTCCATTCTACGAGCAAC--ATTGTATAATT--CTTCAACATCTTATT-TCCACCGGACTGT---GTGACTAGTAACATCTTTTCGGGTGATTTGTCCCCTTTCCTGCCTGCCCTCTAATAAGCGCTTTAATTGTCC-GGTACTGGGGGTGGGATCAGTATTCAAGGAACTTAT-CC--GACTCCCTCATCCTATTTCCGGATGGGGGAGGAGAGTTTT-CC-------------------------------------------------------------------------;M;7.00;25.0;105.0;13.0;7.0;4.0;;;;;;18-May-11;Blood - wing vein;ADSC, CA, UPLB;Mt Sierra Madre, Ilagan, Isabela;Mr Philbert Baguilat;Red jungle fowl;;21
Chicken;Leyte -Labuyo;CH;LEY;;;M;65.00;30.0;6.0;15.0;7.0;25.0;;;;;;8-Aug-11;Blood - wing vein;ADSC, CA, UPLB;Mt Pangasugan, Baybay City, Leyte;Mr Joel Bagarinao;Red jungle fowl;;21
Chicken;Makiling-Labuyo;CH;MAK;;-GCAAGTACACCGCA-AAGACATT-GGCGCAGAACTTGG--------------ACAGCCCGGAACTCT-ATTAGGAGACGATCAAATTTACAATGTAATCGTCACAGCCCATGCTTT-CGTCATAATCTTCTTTATAGTTATACCCATCATGATCGGTGGCTTCGGAAACTGACTAGTCCCACTTATAATCGGTGCCCCAG-ACATAGCATTCCCCCGC-ATAAATAACATAAGCTTCTGACTCCTCCCTCCCTCCTTCCTTCTCCTACTAGCCTCATCTACCGTAGAAG-CTGGGGCCGGCACAGGATGGACAGTTTACCCCCCTTTAGCCGGCAACCTAGCCCACGCTGGCGCATCAGTAGACCTAGCCATCTTTTCATTACACTTAGCAGGTGTTTCCTCCATTCTAGGAGCCATCAACTTTATCACTACCATCATCAACATAAAACCCCCCGCACTGTCACAATACCAAACACCCCTATTCGTATGATCCGTCCTCATTACTGCCATCCTACTACTCCTCTCCTTACCCGTCCTAGCAGCTGGGATTACCATACTACTTACCGACCGCAA-CCTTAACACCACATTCTTCGACCCAGCTGGAGGAGGAGACCCAA-TCCTATACCAA-CACCTATTCTGATTCTTCGGTCACCCCGAAGTTTACATCCTCATCCTCCCAGGATTTGGAATA;M;11.00;33.0;65.0;16.0;7.0;3.0;single comb;red;red orange;gray;white/ black;7-Feb-11;Blood - wing vein;Putho-Tuntungin, Los Baños, Laguna;Mt Makiling, Los Baños, Laguna;Manuel Nalzaro;Red jungle fowl;;21
Chicken;Mayon-Labuyo;CH;MAY;;-GCTTCTCCACCACA-AAGACATT-GGCACAGGATTTGG-AATTATCTCCCACGTTGCCCTCACCAGT-ATCAAGAGACTAGCAAATTGACAATGTAAGCGGTACAGCCCATGCTTT-CGTCATAATCTTCTTTATAGTTATACCCATCATGATCGGTGGCTTCGGAAACTGACTAGTCCCACTTATAATCGGTGCCCCAG-ACATAGCATTCCCCCGC-ATAAATAACATAAGCTTCTGACTCCTCCCTCCCTCCTTCCTTCTCCTACTAGCCTCATCTACCGTAGAAG-CTGGGGCCGGCACAGGATGGACAGTTTACCCCCCTTTAGCCGGCAACCTAGCCCACGCTGGCGCATCAGTAGACCTAGCCATCTTTTCATTACACTTAGCAGGTGTTTCCTCCATTCTAGGAGCCATCAACTTTATCACTACCATCATCAACATAAAACCCCCCGCACTGTCACAATACCAAACACCCCTATTCGTATGATCCGTCCTCATTACTGCCATCCTACTACTCCTCTCCTTACCCGTCCTAGCAGCTGGGATTACCATACTACTTACCGACCGCAA-CCTTAACACCACATTCTTCGACCCAGCTGGAGGAGGAGACCCAA-TCCTATACCAA-CACCTATTCTGATTCTTCGGTCACCCCGAAGTTTACATCCTCATCCTCCCAGGATTTGGAATT;M;65.00;27.0;6.0;14.0;6.0;3.0;;;;;;28-Apr-11;Blood - wing vein;ADSC, CA, UPLB;Mt Mayon, Buang, Tabaco, Albay;Mr Nestor Ebuenga, Jr;Red jungle fowl;;21
Chicken;Masbate-Labuyo;CH;MSB;744;-CTGTCTCCACCACG-AAGACATT-GGCACAGGATTTGG-AATTATCTCCCAGATAGCCCGGACCACT-ATTAGGAGACGATCAAATTGACAATGTAATCGTTACAGCCCATGCTTT-CGTCATAATCTTCTTTATAGTTATACCCATCAGGATCGGTGGCTTCGGAAACTGACTAGTCCCACTTATAATCGGTGCCCCAG-ACATAGCATTCCCCCGC-ATAAATAACATAAGCTTCTGACTCCTCCCTCCCTCCTTCCTTCTCCTACTAGCCTCATCTACCGTAGAAG-CTGGGGCCGGCACAGGATGGACAGTTTACCCCCCTTTAGCCGGCAACCTAGCCCACGCTGGCGCATCAGTAGACCTAGCCATCTTTTCATTACACTTAGCAGGTGTTTCCTCCATTCTAGGAGCCATCAACTTTATCACTACCATCATCAACATAAAACCCCCCGCACTGTCACAATACCAAACACCCCTATTCGTATGATCCGTCCTCATTACTGCCATCCTACTACTCCTCTCCTTACCCGTCCTAGCAGCTGGGATTACCATACTACTTACCGACCGCAA-CCTTAACACCACATTCTTCGACCCAGCTGGAGGAGGAGACCCAA-TCCTATACCAA-CACCTATTCTGATTCTTCGGTCACCCCGAAGTTTACATCCTCATCCTCCCAGGATTTGGAATT;M;6.00;25.0;6.0;13.0;7.0;3.0;;;;;;18-May-11;Blood - wing vein;ADSC, CA, UPLB;Mt Pandan , Monreal, Ticao Island, Masbate;Mr Ruben Arsinas;Red jungle fowl;;21
Chicken;Mindoro-Labuyo;CH;MIN;;--GTATCCATTGCAC--AAAGACTTGGCTTATGACTTGG--------------ATATATCTGACAAGT-ATTATGATACGATT-TTTTTACAAAGTATTCTCTGCAGCACTTGCTTT-TACCTGAGACGCCTTTATAATGCTCACCTTAAAGAAGTGCGGCTTCAGAAAATGTGTATCCTTTTGTATGAAATTGGCCTTTT-ACATACCAATCCCCCGC-ATTGGGG-TTTATTCTTCTG-TTCCTCCCTCCCTCCTTCGTTCTCCTACCCCCCTGGTTTACCGTAAAAG-CCGGGGTAAGCACAGGATGGACAGTTTACCCCCCTTTAGCCGGCAACCTAGCCCACGCTGGCGCATCAGTAGACCTAGCCATCTTTTCATTACACTTAGCAGGTGTTTCCTCCATTCTAGGAGCCATCAACTTTATCACTACCATCATCAACATAAAACCCCCCGCACTGTCACAATACCAAACACCCCTATTCGTATGATCCGTCCTCATTACTGCCATCCTACTACTCCTCTCCTTACCCGTCCTAGCAGCTGGGATTACCATACTACTTACCGACCGCAA-CCTTAACACCACATTCTTCGACCCAGCTGGAGGAGGAGACCCAA-TCCTATACCAA-CACCTATTCTGATTCTTCGGTCACCCCGAAGTTTACATCCTCATCCTCCCAGGATTTGGAATT;M;1.00;25.0;3.0;145.0;6.0;3.0;single comb;red;red orange;green;black/ white;20-Dec-10;Blood - wing vein;Ibaan, Batangas;Mt Halcon, Naujan, Oriental Mindoro;Mr Josenieto Bihis;Red jungle fowl;;21
Chicken;Negros-Labuyo;CH;NEG;;;M;9.00;28.0;7.0;16.0;6.0;3.0;;;;;;14-Jul-11;Blood - wing vein;Negros;Mt Kanlaon, Brgy Codcod, San Carlos City, Negros Occidental;"Mr Pedro Kauntaw; Mr Wedamar R Tanaman; Mr Rustico Morales";Red jungle fowl;;21
Chicken;Orani-Labuyo;CH;ORA;;;M;7.00;29.0;7.0;125.0;8.0;3.0;;;;;;17-Aug-11;Blood - wing vein;ADSC, CA, UPLB;Mt Orani, Bataan;Mr Anthony Yap;Red jungle fowl;;21
Chicken;Palawan-Labuyo;CH;PWN;;;M;;;;;;;;;;;;27-Aug-11;Blood - wing vein;Palawan;Mt Bayugon, Brgy Tinitian, Roxas, Palawan;"Dr Roger Lopez; Mr Jeric Paul Casilag";Red jungle fowl;;21
Chicken;Quirino-Labuyo;CH;QUI;743;GCTGTCTCCACCACA-AAGACATT-GGCACAGGATTTGG-AATTATCTCCCACGTAGCCCTCACTAGT-ATCAGGCACCTTGGAACATGACAATGGAATATTTACTACCTATGCTTT-CGTAATAATCTTCTTTATAGTTATACCCATCATGATCGGTGGCTTCGGAAACTGACTAGTCCCACTTATAATCGGTGCCCCAG-ACATAGCATTCCCCCGC-ATAAATAACATAAGCTTCTGACTCCTCCCTCCCTCCTTCCTTCTCCTACTAGCCTCATCTACCGTAGAAG-CTGGGGCCGGCACAGGATGGACAGTTTACCCCCCTTTAGCCGGCAACCTAGCCCACGCTGGCGCATCAGTAGACCTAGCCATCTTTTCATTACACTTAGCAGGTGTTTCCTCCATTCTAGGAGCCATCAACTTTATCACTACCATCATCAACATAAAACCCCCCGCACTGTCACAATACCAAACACCCCTATTCGTATGATCCGTCCTCATTACTGCCATCCTACTACTCCTCTCCTTACCCGTCCTAGCAGCTGGGATTACCATACTACTTACCGACCGCAA-CCTTAACACCACATTCTTCGACCCAGCTGGAGGAGGAGACCCAA-TCCTATACCAA-CACCTATTCTGATTCTTCGGTCACCCCGAAGTTTACATCCTCATCCTCCCAGGATTTGGAATT;M;55.00;27.0;11.0;125.0;6.0;35.0;;;;;;18-May-11;Blood - wing vein;ADSC, CA, UPLB;Mt Sierra Madre, Madala, Quirino;Mr Philbert Baguilat;Red jungle fowl;;21
Chicken;Sorsogon-Labuyo;CH;SOR;;;M;75.00;271.0;115.0;19.0;85.0;35.0;single comb;;;;;7-Apr-11;Blood - wing vein;ADSC, CA, UPLB;Mt Castilla, Castilla, Sorsogon;Mr Nestor Ebuenga, Jr;Red jungle fowl;;
Chicken;Siquijor-Labuyo;CH;SQJ;;;M;9.00;27.0;10.0;15.0;7.0;2.0;single comb;;;;;22-Jul-11;Blood - wing vein;ADSC, CA, UPLB;Mt Cambandilaan, Larena, Siquijor;"Mr Tomas Tello, Cangalles, Larena, Siquijor; Dr Agapita Salces";Red jungle fowl;;
Chicken;Sulu-Labuyo;CH;SUL;;;M;11.00;30.0;7.0;14.0;7.0;3.0;single comb;;;;;7-Jul-11;Blood - wing vein;ADSC, CA, UPLB;Mt Tumatangis, Indanan, Sulu;"Col Peale Jon Bondoc; Mr Am'mak";Red jungle fowl;;
Chicken;Taal-Labuyo;CH;TAA;741;GCT-TCTCCACCACA-AAGACATT-GGCACAGGATTTGG-AATTATCTCCCACGTATCTCTCCCCAAC-AACAAACACCTTGGAACAGGATTTTGGCTTATGTCTTACGTATACCTT-CCTAATAACCTTCACTATGGTTATACCCATCAGGATAGGTGGCTTCTGAAACTGACTAGTCCCACTTATAATCGGTGCCCCAG-ACATAGCATTCCCCCGC-ATAAATAACATAAGCTTCTGACTCCTCCCTCCCTCCTTCCTTCTCCTACTAGCCTCATCTACCGTAGAAG-CTGGGGCCGGCACAGGATGGACAGTTTACCCCCCTTTAGCCGGCAACCTAGCCCACGCTGGCGCATCAGTAGACCTAGCCATCTTTTCATTACACTTAGCAGGTGTTTCCTCCATTCTAGGAGCCATCAACTTTATCACTACCATCATCAACATAAAACCCCCCGCACTGTCACAATACCAAACACCCCTATTCGTATGATCCGTCCTCATTACTGCCATCCTACTACTCCTCTCCTTACCCGTCCTAGCAGCTGGGATTACCATACTACTTACCGACCGCAA-CCTTAACACCACATTCTTCGACCCAGCTGGAGGAGGAGACCCAA-TCCTATACCAA-CACCTATTCTGATTCTTCGGTCACCCCGAAGTTTACATCCTCATCCTCCCAGGATTTGGAATT;M;1.00;28.0;5.0;14.0;6.0;3.0;;;;;;18-May-11;Blood - wing vein;ADSC, CA, UPLB;Mt Taal, Brgy Buso-buso, Taal, Batangas;Mr Mario Sandoval;Red jungle fowl;;21
Chicken;Tanay-Labuyo;CH;TAN;;-GTTTCTCCACAACA-AAGACGTT-GGCACAGGATTTGG--------------AAATCCCGGACAACT-ATTAGGAGACGATCAAATTTACAATGTAATCGTCACAGCCCATGCTTT-CGTCATAATCTTCTTTATAGTTATACCCATCATGATCGGTGGCTTCGGAAACTGACTAGTCCCACTTATAATCGGTGCCCCAG-ACATAGCATTCCCCCGC-ATAAATAACATAAGCTTCTGACTCCTCCCTCCCTCCTTCCTTCTCCTACTAGCCTCATCTACCGTAGAAG-CTGGGGCCGGCACAGGATGGACAGTTTACCCCCCTTTAGCCGGCAACCTAGCCCACGCTGGCGCATCAGTAGACCTAGCCATCTTTTCATTACACTTAGCAGGTGTTTCCTCCATTCTAGGAGCCATCAACTTTATCACTACCATCATCAACATAAAACCCCCCGCACTGTCACAATACCAAACACCCCTATTCGTATGATCCGTCCTCATTACTGCCATCCTACTACTCCTCTCCTTACCCGTCCTAGCAGCTGGGATTACCATACTACTTACCGACCGCAA-CCTTAACACCACATTCTTCGACCCAGCTGGAGGAGGAGACCCAA-TCCTATACCAA-CACCTATTCTGATTCTTCGGTCACCCCGAAGTTTACATCCTCATCCTCCCAGGATTTGGAATT;M;75.00;31.0;4.0;16.0;65.0;4.0;single comb;red;red orange;green;white/ black;20-Dec-10;Blood - wing vein;Ibaan, Batangas;Mt Daraitan, Antipolo - Tanay, Rizal;Mr Josenieto Bihis;Red jungle fowl;;21
Chicken;Zamboanga-Labuyo;CH;ZAM;;----------------GAATCCTT-GGTAATTGGCTTGG--CTTATGACTTGGATAAACCGGACAAGT-AACATGAGACGATCAAAATTACAATGTAATCGTCACAGCCCATGCTTT-CGTCATAATCTTCTTTATAGTGATACCCTTCATGATCGGTGGCTTCGGAAACTGACTATTCCCACTTATAATCGGTGCCCCAG-ACATAGCATTCCCCCGC-ATAAATAACATAAGCTTCTGACTCCTCCCTCCCTCCTTCCTTCTCCTACTAGCCTCATCTACCGTAGAAG-CTGGGGCCAGCACAGGATGGACAGTTTACCCCCCTTTAGCCGGCAACCTAGCCCACGCTGGCGCATCAGTAGACCTAGCCATCTTTTCATTACACTTAGCAGGTGTTTCCTCCATTCTAGGAGCCATCAACTTTATCACTACCATCATCAACATAAAACCCCCCGCACTGTCACAATACCAAACACCCCTATTCGTATGATCCGTCCTCATTACTGCCATCCTACTACTCCTCTCCTTACCCGTCCTAGCAGCTGGGATTACCATACTACTTACCGACCGCAA-CCTTAACACCACATTCTTCGACCCAGCTGGAGGAGGAGACCCAA-TCCTATACCAA-CACCTATTCTGATTCTTCGGTCACCCCGAAGTTTACATCCTCATCCTCCCAGGATTTGGAATT;F;1.00;26.0;6.0;14.0;5.0;3.0;;;;;;26-Apr-11;Blood - wing vein;ADSC, CA, UPLB;Mt Palomok,Titay, Zamboanga Sibugay ;Dr Francisco B Geromo;Red jungle fowl;385.0;
Chicken;0 Malaysian Asil (Naked Heel);CH;ASI;;;M;;38.0;11.0;24.0;10.0;4.0;;;;;;23-Jun-11;Blood - wing vein;ADSC, CA, UPLB;Penang, Malaysia;Mr Audi Edralin, Jubilleeiville, Masaya, Bay, Laguna;Gamefowl;;
Chicken;1Frost Grey;CH;FRG;196;--GTTTCTCACCACA-AAGACGTT-GGCACAGGATTTGG--------------AAATACCTGAAAAGT-ATTAGGAGACGACCAAATTTACAATGTAATCGTCACAGCCCATGCTTT-CGTCATAATCTTCTTTATAGTTATACCCATCATGATCGGTGGCTTCGGAAACTGACTAGTCCCGCTTATAATCGGTGCCCCAG-ACATAGCAATCCCCCGC-ATAAATAACATAAGCTTCTGACTCCTCCCTCCCTCCTTCCTTCTCCTACTAGCCTCATCTACCGTAGAAG-CTGGGGCCAGCACAGGATGGACAGTTTACCCCCCTTTAGCCGGCAACCTAGCCCACGCTGGCGCATCAGTAGACCTAGCCATCTTTTCATTACACTTAGCAGGTGTTTCCTCCATTCTAGGAGCCATCAACTTTATCACTACCATCATCAACATAAAACCCCCCGCACTGTCACAATACCAAACACCCCTATTCGTATGATCCGTCCTCATTACTGCCATCCTACTACTCCTCTCCTTACCCGTCCTAGCAGCTGGGATTACCATACTACTTACCGACCGCAA-CCTTAACACCACATTCTTCGACCCAGCTGGAGGAGGAGACCCAA-TCCTATACCAA-CACCTATTCTGATTCTTCGGTCACCCCGAAGTTTACATCCTCATCCTCCCAGGATTTGGAATT;M;25.00;37.0;4.0;185.0;8.0;3.0;single comb;red;light orange;green;yellow/ black;20-Dec-10;Blood - wing vein;Taysan, Batangas;Ed Cavasos, San Antonio, Texas;Celso Evangelista;Gamefowl;;21
Chicken;1Jimmy East Grey;CH;JEG;3029;;M;2545.00;36.0;4.0;195.0;8.0;3.0;red;red;dark orange;green;yellow/ black;20-Dec-10;Blood - wing vein;Taysan, Batangas;Jimmy East, Huntsville Alabama;Celso Evangelista;Gamefowl;;21
Chicken;2Gilmore Hatch;CH;GIH;340;-GTTTCTCCA-CAACAAAGACATT-GGCACAGGATTTGG--------------AATTACCTCCCCACT-ATTAGGAGACGACCAAATTTACAATGTAATCGTCACAGCCCATGCTTT-CGTCATAATCTTCTTTATAGTTATACCCATCATGATCGGTGGCTTCGGAAACTGACTAGTCCCGCTTATAATCGGTGCCCCAG-ACATAGCATTCCCCCGC-ATAAATAACATAAGCTTCTGACTCCTCCCTCCCTCCTTCCTTCTCCTACTAGCCTCATCTACCGTAGAAG-CTGGGGCCGGCACAGGATGGACAGTTTACCCCCCTTTAGCCGGCAACCTAGCCCACGCTGGCGCATCAGTAGACCTAGCCATCTTTTCATTACACTTAGCAGGTGTTTCCTCCATTCTAGGAGCCATCAACTTTATCACTACCATCATCAACATAAAACCCCCCGCACTGTCACAATACCAAACACCCCTATTCGTATGATCCGTCCTCATTACTGCCATCCTACTACTCCTCTCCTTACCCGTCCTAGCAGCTGGGATTACCATACTACTTACCGACCGCAA-CCTTAACACCACATTCTTCGACCCAGCTGGAGGAGGAGACCCAA-TCCTATACCAA-CACCTATTCTGATTCTTCGGTCACCCCGAAGTTTACATCCTCATCCTCCCAGGATTTGGAATT;M;2685.00;40.0;6.0;15.0;105.0;3.0;pea comb;red;red orange;green;yellow/ black;20-Dec-10;Blood - wing vein;Taysan, Batangas;Chris Nesmith, Nauvoo, Alabama;Celso Evangelista;Gamefowl;;21
Chicken;2Leaper Hatch;CH;LEH;3012;AAGAATCGGGTCGTA-AAGACTAA-GTCACATGAGTTAC--------------TTATATCTGAGAATTAAGAATTATATGCCACGTTTTA-AGAGTATTCTCTGCAAGACTTCTCTT-TACCTGTGATGCATCTCTAATGCTCACATTAGATGAGTTCGGCTTTAGTAGACTTG-AGTCCTTTTGCTTGAAATTGTTTTTTTT-CCGGCCAACCTACCT-ATTTGGG-GTTGGTTTCCTAGGTTAACTTAAGCCTTGCTGGCCCCCGGTCCCCCCGGAATTTGAAATAATCCCCCCGTAAACACAGGATGGACTGTTTACCCCCCTTTAGCCGGCAACCTAACCCACGCTGGCGCTTCAGTACACCTAACCATCTTTTCATTACACTTAGCAGGTGTTTCCTCCATTCTAGGAGCCATCAACTTTATCACTACCATCCTCAACAAAAAACCCCCCGCACTGACTCAATACCTAACACCCCTATTCGTATGATCCGTCCTCATTAATGCCATCCTACTACTCCTCTCCTTACCCGTCCTATCAGGGGGGATTACCATACTACTTACCGACGGCAA-CCTTAACACCACATTCTTCAACCCTTCTGGAGGAGGAAACCCAA-TCCTATACCAA-CACCTATTCTGATTCTTAGATCACCCCAGAAACGACATCCTCTTCCTCCCAAGAATTGGCATT;M;225.00;36.0;3.0;195.0;8.0;27.0;pea comb;red;red orange;green;black/ yellow;20-Dec-10;Blood - wing vein;Taysan, Batangas;Jimmy East, Huntsville Alabama;Celso Evangelista;Gamefowl;;21
Chicken;2McLeanHatch;CH;MLH;2922;;M;2365.00;37.0;25.0;19.0;9.0;3.0;pea comb;red;dark orange;green;black/ yellow;20-Dec-10;Blood - wing vein;Taysan, Batangas;Jimmy East, Huntsville Alabama;Celso Evangelista;Gamefowl;;21
Chicken;2Mel Sims Hatch;CH;MSH;627;-AGAATCGTGGTTTA-CTGACGAC-GGCACATAAGTTGG--------------AGG-GTCTGAAAACTAAGTATGATATGACTTTTTTTA-AAAGTATTCTCTGCAAGACTTGTCTT-TACCTGTGATGCATCTCTAATGCTCACATTAGATGAGTTCGGCTTTAGAAAACGTG-AGTCCTTTTGCTTGAAATTGTTTTTTTA-CCGCCCAATCCCCCTCATTGGGG-TTTATTTTTCTGACTCCTCCCTCCCTTCTTCGTTCTCCTACCCCCCTGG-TTTGGAATTTATGCCCGGGTAAGCACAGGATGGACAGTTTACCCCCCTTTAGCCGGCAACCTAGCCCACGCTGGCGCATCAGTAGACCTAGCCATCTTTTCATTACACTTAGCAGGTGTTTCCTCCATTCTAGGAGCCATCAACTTTATCACTACCATCATCAACATAAAACCCCCCGCACTGTCACAATACCAAACACCCCTATTCGTATGATCCGTCCTCATTACTGCCATCCTACTACTCCTCTCCTTACCCGTCCTAGCAGCTGGGATTACCATACTACTTACCGACCGCAA-CCTTAACACCACATTCTTCGACCCAGCTGGAGGAGGAGACCCAA-TCCTATACCAA-CACCTATTCTGATTCTTCGGTCACCCCGAAGTTTACATCCTCATCCTCCCAGGATTTGGAATT;M;2395.00;38.0;4.0;20.0;10.0;3.0;pea comb;red;red orange/ brown;green;black;20-Dec-10;Blood - wing vein;Taysan, Batangas;Tom Hargous, Eustacia, Texas;Celso Evangelista;Gamefowl;;21
Chicken;2Yellow Legged Hatch;CH;YLH;2101;-GTTTCTCCAACCACAAAGACATT-GGCACAGGATTTGG--------------AATTATCTCCCAAGT-AATAGGAGACGACCAAATTTACAATGTAATCGTCACAGCCCATGCTTT-CGTCATAATCTTCTTTATAGTTATACCCATCATGATCGGTGGCTTCGGAAACTGACTAGTCCCGCTTATAATCGGTGCCCCAG-ACATAGCATTCCCCCGC-ATAAATAACATAAGCTTCTGACTCCTCCCTCCCTCCTTCCTTCTCCTACTAGCCTCATCTACCGTAGAAG-CTGGGGCCGGCACAGGATGGACAGTTTACCCCCCTTTAGCCGGCAACCTAGCCCACGCTGGCGCATCAGTAGACCTAGCCATCTTTTCATTACACTTAGCAGGTGTTTCCTCCATTCTAGGAGCCATCAACTTTATCACTACCATCATCAACATAAAACCCCCCGCACTGTCACAATACCAAACACCCCTATTCGTATGATCCGTCCTCATTACTGCCATCCTACTACTCCTCTCCTTACCCGTCCTAGCAGCTGGGATTACCATACTACTTACCGACCGCAA-CCTTAACACCACATTCTTCGACCCAGCTGGAGGAGGAGACCCAA-TCCTATACCAA-CACCTATTCTGATTCTTCGGTCACCCCGAAGTTTACATCCTCATCCTCCCAGGATTTGGAATT;M;2535.00;37.0;3.0;19.0;97.0;25.0;pea comb;red;orange;yellow;yellow/ black;20-Dec-10;Blood - wing vein;Taysan, Batangas;Chris Nesmith, Nauvoo, Alabama;Celso Evangelista;Gamefowl;;21
Chicken;Kelso Jimmy East;CH;KJE;3021;-AGTATTATAGAACA-GAGACGTC-GGCACGGGATTTGG--------------AATTCCCTGACAAGT-ATTAGGAGACTACCAAATTTACAATGTAATCGTCACAGCCCATGCTTT-CGTCATAATCTTCTTTATAGTTATACCCATCATGATCGGTGGCTTCGGAAACTGACTAGTCCCGCTTATAATCGGTGCCCCAG-ACATAGCATTCCCCCGC-ATAAATAACATAAGCTTCTGACTCCTCCCTCCCTCCTTCCTTCTCCTACTAGCCTCATCTACCGTAAAAG-CTGGGGTAGGCACAGGATGGACAGTTTACCCCCCTTTAGCCGGCAACCTAGCCCACGCTGGCGCATCAGTAGACCTAGCCATCTTTTCATTACACTTAGCAGGTGTTTCCTCCATTCTAGGAGCCATCAACTTTATCACTACCATCATCAACATAAAACCCCCCGCACTGTCACAATACCAAACACCCCTATTCGTATGATCCGTCCTCATTACTGCCATCCTACTACTCCTCTCCTTACCCGTCCTAGCAGCTGGGATTACCATACTACTTACCGACCGCAA-CCTTAACACCACATTCTTCGACCCAGCTGGAGGAGGAGACCCAA-TCCTATACCAA-CACCTATTCTGATTCTTCGGTCACCCCGAAGTTTACATCCTCATCCTCCCAGGATTTGGAATT;M;2515.00;36.0;3.0;19.0;8.0;3.0;pea comb;red;red orange;yellow;yellow;20-Dec-10;Blood - wing vein;Taysan, Batangas;Jimmy East, Huntsville Alabama;Celso Evangelista;Gamefowl;;21
Chicken;Kelso Johnny Jumper;CH;KJJ;317;AAGTTGAGTAGCATA-ACGACGTC-GGCCCACGACTTGC--------------TTATAACTGAGAAGT-ATCATTATATTACTTTATTTA-AAAGTATTCTCTGCAAGACTTGTCTT-TACCTGTGATGCATCTCTAATGCTCACATTAGATGAGTTCAGCTTTAGAAAACGTG-AGTCCTTTTGCTTGAAATTGTTTTTTTATCTGCCTAACCCCCAT-ATTTGTG-TTTGTTTTCTAGGTTTAGCTTATGCTTTGCTGGCCTCTGTTCCCCCAGGATTTGGAATTATCTCCGGGG-TGGCACAGGATGGACAGTTTACCCCCCTTTAGCCGGCAACCTAGCCCACGCTGGCGCATCAGTAGACCTAGCCATCTTTTCATTACACTTAGCAGGTGTTTCCTCCATTCTAGGAGCCATCAACTTTATCACTACCATCATCAACATAAAACCCCCCGCACTGTCACAATACCAAACACCCCTATTCGTATGATCCGTCCTCATTACTGCCATCCTACTACTCCTCTCCTTACCCGTCCTAGCAGCTGGGATTACCATACTACTTACCGACCGCAA-CCTTAACACCACATTCTTCGACCCAGCTGGAGGAGGAGACCCAA-TCCTATACCAA-CACCTATTCTGATTCTTCGGTCACCCCGAAGTTTACATCCTCATCCTCCCAGGATTTGGAATT;M;2565.00;38.0;44.0;18.0;73.0;28.0;pea comb;white;orange;yellow;yellow/ black;20-Dec-10;Blood - wing vein;Taysan, Batangas;Johnny Jumper, Ripley, Mississippi;Celso Evangelista;Gamefowl;;21
Chicken;Radio;CH;RAD;5;-GTTTCTCCA-CAACAAAGACATT-GGCACAGGATTTGG--------------AATTACCTCACAAGT-AGTAGGAGACGACCAAATTTACAATGTAATCGTCACAGCCCATGCTTT-CGTCATAATCTTCTTTATAGTTATACCCATCATGATCGGTGGCTTCGGAAACTGACTAGTCCCGCTTATAATCGGTGCCCCAG-ACATAGCATTCCCCCGC-ATAAATAACATAAGCTTCTGACTCCTCCCTCCCTCCTTCCTTCTCCTACTAGCCTCATCTACCGTAGAAG-CTGGGGCCGGCACAGGATGGACAGTTTACCCCCCTTTAGCCGGCAACCTAGCCCACGCTGGCGCATCAGTAGACCTAGCCATCTTTTCATTACACTTAGCAGGTGTTTCCTCCATTCTAGGAGCCATCAACTTTATCACTACCATCATCAACATAAAACCCCCCGCACTGTCACAATACCAAACACCCCTATTCGTATGATCCGTCCTCATTACTGCCATCCTACTACTCCTCTCCTTACCCGTCCTAGCAGCTGGGATTACCATACTACTTACCGACCGCAA-CCTTAACACCACATTCTTCGACCCAGCTGGAGGAGGAGACCCAA-TCCTATACCAA-CACCTATTCTGATTCTTCGGTCACCCCGAAGTTTACATCCTCATCCTCCCAGGATTTGGAATT;M;279.00;36.0;3.0;19.0;9.0;35.0;single comb;red/ white;red orange;yellow;yellow;20-Dec-10;Blood - wing vein;Taysan, Batangas;Joe Vance, San Antonio, Texas;Celso Evangelista;Gamefowl;;21
Chicken;Sweater McGuiness;CH;SMG;GGF;AAAGAAGAGCAGGAA-AAGACTAC-GGCACATGAGTTGC--------------AAATAACTGTAAGT--AGTATTAC-TGCTTTATTC---AAAATATTCTCTGCAAGACTTCTCTT-TAACTGTGATGCATCTCTAATGCTCACATTAGATGAGTTCGGCTTTAGTAGACGTG-AGTCCTTTTGCTTGAAATTGTTTTTTTT-CTGCCTTACCCACCT-ATTTGGG-GTTGGTTTCCAGGTTTAGCTTAAGCCTTCCTGGGTCCCGTTCCCCCCGGAATTGGAATTAATCCCCCCGTAAGCACAGGATGGACAGTTCACCCCCCTTTAGCCGGCAACCTAGCCCACGCTGGCGCATCAGTAAACCTAACCATCTTTTCATTACCCTTAGCAGGTGTTTCCTCCATTCTAGGAGCCATCAACTTTATCACTACCATCCCCAACAAAAAACCCCCCGCACTGACACAATACCAAACACCCCTATTCGTATGATCCGTCCTCATTAATGCCATCCTACTACTCCTCTCCTGACCCGTCCTATCAGCTGGGATTACCATACTACTTACCGACGGCAA-CCTTAACACCACATTCTTCGACCCTTCTGGAGGAGGAGACCCAA-TCCTATACCAA-CACCTATTCTGATTCTTCGGTCACCCCGAAGTTTACATCCTCATCCTCCCAGGATTTGGAATT;M;2135.00;33.0;4.0;31.0;7.0;35.0;pea comb;red;red orange;yellow;yellow/ black;20-Dec-10;Blood - wing vein;Taysan, Batangas;Johnny Stanstell, Waco, Texas;Celso Evangelista;Gamefowl;;21
Chicken;Sweater Possum;CH;SPO;7340;;M;258.00;38.0;45.0;18.0;91.0;35.0;pea comb;white/ red;light orange;yellow;yellow;20-Dec-10;Blood - wing vein;Taysan, Batangas;Chris Nesmith, Nauvoo, Alabama;Celso Evangelista;Gamefowl;;21
Duck;Khaki Campbell;DU;KCB;;AAGACGTTGGCCCATGACTTGGCATTTTCAAGCCCGT--AGAGGGGACGTCTTGTTTGTAACCTCCTGGGGTCCCAAATGGCATCCTTGTTTGCCAAGGGACTGGGTTGA-TCCTTGGAAAGGGAGGGCTGAGGCGTTCAGTTTTCCTATTTATCAAACAATCATCCCC-CATCATTTTATT-TGAATTTATAACCCAACTATCTTTTTGCTCCGGAATACTCTCCCACGTATACTCGCCTCATCCACTGTAAAAGCTGGCGCTGGTACAGGTTGAACCGTATACCCACC---TCTAGCAGGCAACCTATTACCACGCCGGAGCCT---CAGTGGACCTGGCTATCTT-CTCACTTCACCTGGCCGGTGTCTCCTCCATCCTCGGAGCCATTAACTTCATTACCACAGCCATCAACATAAAACCCCCCGCACTCTCACAATACCAAACCCCACTTTTCGTCTGATCAGTCCTAATTACCGCCATCCTGCTCCTCCTATCACTCCCCGTCCTCGCCGCCGGCATCACAATGCTACTAACCGACCGAAACCTAAACACCACATTCTTTGATCCTGCCGGAGGGGGAGACCCAATCCTGTACCAGCACCTATTTTGATTCTTCGGCCACCCAGAAGTCTATATCTTAATCCTCCCAGGATTTGGAATTATCTCC--;M;176.00;30.0;21.0;20.0;7.0;65.0;none;none;brown;orange web;green;23-Sep-10;Blood - wing vein;BAI-Tiaong, Quezon;USA;BAI-DA;Egg-type;58.0;28
Duck;Pekin;DU;PEK;;AGGAGGGGGAAGAGGAGTAGGAATACCCACCTCGTAGCATTATCCCCCTTTTTTCACCAACAAAAAAGATGTTGGA-AGATTTTTTTAATTTTCCTCCCCATGATAATGCCCCTCGTAATTGGAGGGTTCGGCAACTGATTGTTCCCCCTGATC-ATCTGTGCCCCCGACATAGCATTCCCACGAATAAACAACATAAGCTTCTGACTCCTCCCACCATCATTCCTCCTTCTACTCGCCTCATCCACTGTAGAAGCTGGCGCTGGTACGGGTTGAACCGTATACCCACC---TCTAGCAGGCAACCTAGC-CCACGCCGGAGCCT---CAGTGGACCTGGCTATCTT-CTCACTTCACCTGGCTGGTGTCTCCTCCATCCTCGGAGCCATTAACTTCATTACCACAGCCATCAACATAAAACCCCCCGCACTCTCACAATACCAAACCCCACTTTTCGTCTGATCAGTCCTAATTACCGCCATCCTGCTCCTCCTATCACTCCCCGTCCTCGCCGCCGGCATCACAATGCTACTAACCGACCGAAACCTAAACACCACATTCTTTGATCCTGCCGGAGGGGGAGACCCAATCCTGTACCAACACCTATTTTGATTCTTCGGCCACCCAGAAGTCTATATCTTAATCCTCCCAGGATTTGGAATTATCTCC--;M;376.00;44.0;25.0;21.0;7.0;85.0;none;none;gray;orange web;yellow;23-Sep-10;Blood - wing vein;BAI-Tiaong, Quezon;USA;BAI-DA;Egg-type;83.0;28
Duck;Pekin - Czechoslovakia;DU;PCZ;;AAGACGTTGGGGTATAACTTGGCTATCCATGGCCCCTAGAGGGCGACGACTCATTTA-TAACGTGATCGTCACCGCTCACGCCTATCTAATAATCTTCTTCATGGTAATGCCCATCATAATTGGAGAGTTCGGCAGCTGATTGGTCCCCCTGATA-ATCGGTGCCCCCGACATAGCATTCCCACGAATAAACAACATAAGCATCTGACTCCTCCCACCATCATTCCTCCTTATACTCGCCTCATCCACTGTAAAAGCTGGCGCTGGTACGGGTTGAACCGTATACCCACC---TCTAGCAGGCAACCTAGC-CCACGCCGGAGCCT---CAGTGGACCTGGCTATCTT-CTCACTTCACCTGGCTGGTGTCTCCTCCATCCTCGGAGCCATTAACTTCATTACCACAGCCATCAACATAAAACCCCCCGCACTCTCACAATACCAAACCCCACTTTTCGTCTGATCAGTCCTAATTACCGCCATCCTGCTCCTCCTATCACTCCCCGTCCTCGCCGCCGGCATCACAATGCTACTAACCGACCGAAACCTAAACACCACATTCTTTGATCCTGCCGGAGGGGGAGACCCAATCCTGTACCAACACCTATTTTGATTCTTCGGCCACCCAGAAGTCTATATCTTAATCCTCCCAGGATTTGGAATTATCCTCCC;M;26.00;42.0;105.0;15.0;7.0;9.0;none;none;gray;orange web;yellow;8-Apr-11;Blood - wing vein;BAI-Tiaong, Quezon;Czechoslovakia;BAI-DA;Egg-type;;28
Duck;Tsaiya;DU;TSA;;AAGAGATCCGGG-AGAACTTGGCCTTCCCGGGCCCCTACTGGGCGACGACTTATTTT-TAACGTGATGGTCACCGCTCACGCCTACTTAATAATCTTCTTCATGGTAATGCCCATCATAATTGGAGGGTTCGGCAACTGATTGGTCCCCCTGATA-ATCGGTGCCCCCGACATAGCATTCCCACGAATAAACAACATAAGCATCTGACTCCTCCCACCAACATTCCTCCTTCTACTCGCCTCATCCACTGTAGAAGCTGGCGCTGGTACAGGTTGAACCGTATACCCACC---TCTAGCAGGCAACCTAGC-CCACGCCGGAGCCT---CAGTGGACCTGGCTATCTT-CTCACTTCACCTGGCCGGTGTCTCCTCCATCCTCGGAGCCATTAACTTCATTACCACAGCCATCAACATAAAACCCCCCGCACTCTCACAATACCAAACCCCACTTTTCGTCTGATCAGTCCTAATTACCGCCATCCTGCTCCTCCTATCACTCCCCGTCCTCGCCGCCGGCATCACAATGCTACTAACCGACCGAAACCTAAACACCACATTCTTTGATCCTGCCGGAGGGGGAGACCCAATCCTGTACCAACACCTATTTTGATTCTTCGGCCACCCAGAAGTCTATATCTTAATCCTCCCAGGATTTGGAATTATCCCCCC;M;135.00;40.0;9.0;15.0;55.0;7.0;;;;;;10-Feb-11;Blood - wing vein;BAI-Tiaong, Quezon;Taiwan;BAI-DA;Egg-type;;28
Duck;White Muscovy;DU;MUS;;----TAGAAGGCAACAAAACAACGGTAGAAGCACCACATACAAAATTGGCCACGTGCGTAGTCTCCTGGGGTTATACTTGGTAACTTCGTCTGGGGTTTTTCCGACTACATCTCGTGCTAAGGGATCTCT-AACGCCTCCGGCCTGCTTCTTGTC--TCTATG--------ATGAACTGCTTCAAAGCTCTCGAATTTCGCTTAGGAATACCCTTTACCGCAATTAAAAGCAAACATGGCACAAAAGTT-CAGGATTTGGAATTTCTCCCACGTAAATACTTCTCCTATAGGGTGGAGTTGGAAACATCTC-CGAAGTAGAGGACCTGACACTGAAACGACATGCTGCACTCCCAGGATTTGGAATTAGCTCCCACGTTCCTCGGGGCCATCAACTTCATCACTACAGCCATCAACATAAAACCCCCCGCACTTTCACAATACCAAACCCCTCTCTTCGTCTGATCCGTCCTAATCACCGCCATCCTACTCCTCCTATCCCTCCCCGTCCTCGCTGCTGGCATCACAATGCTACTAACCGACCGAAACCTAAACACCACATTCTTTGACCCCGCTGGAGGAGGGGATCCAATCCTGTATCAGCACCTGTTCTGATTCTTTGGCCACCCGGAAGTCTACATTCTAATCCTCCCAGGATTTGGAATTATCTCCCA;M;315.00;50.0;25.0;26.0;8.0;63.0;none;none;white;yellow web;black/ white;4-Nov-10;Blood - wing vein;BAI-Tiaong, Quezon;USA;BAI-DA;Meat-type;85.0;28
Duck;BAI Pateros Black;DU;PBL;;AAGACGTTGGCCCAGGATTTGGATATATATCCCCCGTCGAGAAAGAAAGCCTTGTTTGTAAGCTCCTGGGGTTACAAATGGGATCCTTGTTTGTCAAGGGACTGAATAAAATCCATGGAAAGGGATCTCTGAGGCGTTCTGTTTTCTTATTTATCTAACATTCATCTCCACATCACAGGATT-TGAATTTCTCACCCAACTTTATTTTGGATCCCACGTACTCTCCCACGTG-ACTCGCCTCATCGGCTGTAAAATCTGGCGCTGGTACAGGTTGAACCCTATACCCACC---TCTAGCAGGCAACCTAGC-CCACGCCGGAGCCT---CAGTAGACCTGGCTATCTT-CTCACTTCACCTGGCCGGTGTCTCCTCCATCCTCGGAGCCATTAACTTCATTACCACAGCCATCAACATAAAACCCCCCGCACTCTCACAATACCAAACCCCACTTTTCGTCTGATCAGTCCTAATTACCGCCATCCTGCTCCTCCTATCACTCCCCGTCCTCGCCGCCGGCATCACAATGCTACTAACCGACCGAAACCTAAACACCACATTCTTTGATCCTGCCGGAGGGGGAGACCCAATCCTGTACCAGCACCTATTTTGATTCTTCGGCCACCCAGAAGTCTATATCTTAATCCTCCCAGGATTTGGAATTATCTCC--;M;162.00;33.0;215.0;13.0;6.0;6.0;none;none;dark brown;light orange web;green;4-Nov-10;Blood - wing vein;BAI-Tiaong, Quezon;BAI-Tiaong, Quezon;BAI-DA;Egg-type;73.0;28
Duck;BAI Pateros Khaki Brown;DU;PKB;;;M;126.00;37.0;26.0;13.0;6.0;6.0;none;none;ligt brown/ brown;orange web;yellow;4-Nov-10;Blood - wing vein;BAI-Tiaong, Quezon;BAI-Tiaong, Quezon;BAI-DA;Egg-type;70.0;28
Duck;BAI Pateros White;DU;PWH;;AAGAGTTGGTCCATAACTCGGCGGTCCAGGGCCCCTACAGGGCCACGTCTTGTTTG-TAACGTCCTGGGGTCCGAAATGGCATTCTTGTTTGGCATCGGACTGGTT-TGCCCATCGGAAAGGGAGGGCTCAGGCGTTCATTTTTCCCCCTGATC-AACTGTGCCCCCCACCTAACTTTCCTTTGAATAAATAACATAAGTATCTGACTGCTCCCACCTACTTTCCTACTTATACTCGCCTCATCCACTGTAAAAGCTGGCGCTGGTACAGGTTGAACCGTATACCCACC---TCTAGCAGGCAACCTAGC-CCACGCCGGAGCCT---CAGTGGACCTGGCTATCTT-CTCACTTCACCTGGCCGGTGTCTCCTCCATCCTCGGAGCCATTAACTTCATTACCACAGCCATCAACATAAAACCCCCCGCACTCTCACAATACCAAACCCCACTTTTCGTCTGATCAGTCCTAATTACCGCCATCCTGCTCCTCCTATCACTCCCCGTCCTCGCCGCCGGCATCACAATGCTACTAACCGACCGAAACCTAAACACCACATTCTTTGATCCTGCCGGAGGGGGAGACCCAATCCTGTACCAACACCTATTTTGATTCTTCGGCCACCCAGAAGTCTATATCTTAATCCTCCCAGGATTTGGAATTATCTTCCC;M;138.00;33.0;23.0;13.0;6.0;6.0;none;none;gray;orange web;yellow;23-Sep-10;Blood - wing vein;BAI-Tiaong, Quezon;BAI-Tiaong, Quezon;BAI-DA;Egg-type;72.0;28
Duck;Philippine Mallard Batangas;DU;PMB;;AGGAGGGCGGCAGAGGATTTGGAAATATCTGCCCCCTACTGGGCC-CCACCAATTTTATAACGTGATCGTCACCGCTCACGCCTATGTAATAATCTTCTTCATGGTAATGCCCATCATAATTGGAGGGTTCGGCAACTGATTGGTCCCCCTGATA-ATCGGTGCCCCCGACATAGCATTCCCACGAATAAACAACATAAGCTTCTGACTCCTCCCACCATCATTCCTTCTTCTACTCGCCTCATCCACTGTAGAAGCTGGCGCTGGTACAGGTTGAACCGTATACCCACC---TCTAGCAGGCAACCTAGC-CCACGCCGGAGCCT---CAGTGGACCTGGCTATCTT-CTCACTTCACCTGGCCGGTGTCTCCTCCATCCTCGGAGCCATTAACTTCATTACCACAGCCATCAACATAAAACCCCCCGCACTCTCACAATACCAAACCCCACTTTTCGTCTGATCAGTCCTAATTACCGCCATCCTGCTCCTCCTATCACTCCCCGTCCTCGCCGCCGGCATCACAATGCTACTAACCGACCGAAACCTAAACACCACATTCTTTGATCCTGCCGGAGGGGGAGACCCAATCCTGTACCAACACCTATTTTGATTCTTCGGCCACCCAGAAGTCTATATCTTAATCCTCCCAGGATTTGGAATATCCTCCCC;F;125.00;30.0;9.0;13.0;5.0;5.0;;;;;;10-Feb-11;Blood - wing vein;BAI-Tiaong, Quezon;Sto Tomas, Batangas;BAI-DA;Egg-type;;28
Duck;Philippine Mallard Pampanga;DU;PMP;;CAAAGAGTTGGCCCGGACTTGGCGATGACGCCCCCTAGAGGGGAC---GTTTTTTTTTTAACGGGTTGGAAAACACTCTCGCATATCTTATTTGCTTCTTCAAGGATTTGCCCATCACTCCCAGATAGTTCGGCAGCTGATTTTTCCCCCTGATC-ATTTTTGCCCCCCACCTAGAATTCCCACGAATAAACAACATAAGCATATGACTCCTCCCGCCTTCATTCCTTCGTATACTCGCCTCATCCACTGTAAAAGCTGGCGCTGGTACAGGTTGAACCGTATACCCACC---TCTAGCAGGCAACCTAGC-CCACGCCGGAGCCT---CAGTGGACCTGGCTATCTT-CTCACTTCACCTGGCCGGTGTCTCCTCCATCCTCGGAGCCATTAACTTCATTACCACAGCCATCAACATAAAACCCCCCGCACTCTCACAATACCAAACCCCACTTTTCGTCTGATCAGTCCTAATTACCGCCATCCTGCTCCTCCTATCACTCCCCGTCCTCGCCGCCGGCATCACAATGCTACTAACCGACCGAAACCTAAACACCACATTCTTTGATCCTGCCGGAGGGGGAGACCCAATCCTGTACCAGCACCTATTTTGATTCTTCGGCCACCCAGAAGTCTATATCTTAATCCTCCCAGGATTTGGAATTATCCTCCC;F;15.00;31.0;9.0;16.0;7.0;6.0;;;;;;10-Feb-11;Blood - wing vein;BAI-Tiaong, Quezon;Candaba, Pampanga;BAI-DA;Egg-type;;28
Duck;Philippine Mallard Quezon;DU;PMQ;;AAGAGATTGGAGAAGAACTTGGCCAGCCAGGGCCCCTACTGGGCGACGACCAATTTTATAACGTGATCGTCACCGCTCACGCCTACGTAATAATCTTCTTCATGGTAATGCCCATCATAATTGGAGGGTTCGGCAACTGATTGGTCCCCCTGATA-ATCGGTGCCCCCGACATAGCATTCCCACGAATAAACAACATAAGCTTCTGACTCCTCCCACCATCATTCCTCCTTATACTCGCCTCATCCACTGTAGAAGCTGGCGCTGGTACAGGTTGAACCGTATACCCACC---TCTAGCAGGCAACCTAGC-CCACGCCGGAGCCT---CAGTGGACCTGGCTATCTT-CTCACTTCACCTGGCTGGTGTCTCCTCCATCCTCGGAGCCATTAACTTCATTACCACAGCCATCAACATAAAACCCCCCGCACTCTCACAATACCAAACCCCACTTTTCGTCTGATCAGTCCTAATTACCGCCATCCTGCTCCTCCTATCACTCCCCGTCCTCGCCGCCGGCATCACAATGCTACTAACCGACCGAAACCTAAACACCACATTCTTTGATCCTGCCGGAGGGGGAGACCCAATCCTGTACCAACACCTATTTTGATTCTTCGGCCACCCAGAAGTCTATATCTTAATCCTCCCAGGATTTGGAATTATCTTCCC;F;13.00;39.0;7.0;12.0;5.0;6.0;;;;;;10-Feb-11;Blood - wing vein;BAI-Tiaong, Quezon;Candelaria, Quezon;BAI-DA;Egg-type;;28
Duck;F1 50 Pekin x 50 Pateros;DU;PP1;;TAGAGAT--GGGGAGAACTTGGCCAGCCAGGGCCCCTACTGGGCGACGATTTTTTTT-TAACGTGATGGACACCGCTCCCGCCTATCTAATAATCTTCTTCATGG-AATGCCCATCACAATTGGAGGGTTCGGCAGCTGATTGTTCCCCCTGATA-ATCGGTGCCCCCAACATAGCATTCCCACGAATAAACAACATAAGCTTCTGACTCCTCCCACCATCATTCCTCCTTCTACTCGCCTCAACCACTGTAGAAACTGGCGCTGGTACAGGTTGAACCGTATACCCACC---TCTAGCAGGCAACCTATC-CCACGCCGGAGCCT---CAGTGGACCTGGCTATCTT-CTCACTTCACCTGGCTGGTGTCTCCTCCATCCTCGGAGCCTTTAACTTCATTACCACAGCCATCAACATAAAACCCCCCGCACTCTCACAATACCAAACCCCACTTTTCGTCTGATCAGTCCTAATTACCGCCATCCTGCTCCTCCTATCACTCCCCGTCCTCGCCGCCGGCATCACAATGCTACTAACCGACCGAAACCTAAACACCACATTCTTTGATCCTGCCGGAGGGGGAGACCCAATCCTGTACCAACACCTATTTTGATTCTTCGGCCACCCAGAAGTCTATATCTTAATCCTCCCAGGATTTGGAATTATCTTCCC;;17.00;35.0;7.0;17.0;7.0;7.0;;;;;;10-Feb-11;Blood - wing vein;BAI-Tiaong, Quezon;BAI-Tiaong, Quezon;BAI-DA;Meat-type;80.0;28
Duck;F3 875 Pekin x 125 Pateros;DU;PP2;;TACAGATCCGGGCATAACTAGGCCAGCCAGGGCCCCTACTGGGCGACGACCAAATTTATAACGTGATCGTCACCGCTCACGCCTTCGTAATAATCTTCTTCATGGTAATGCCCATCATAATTGGAGGGTTCGGCAACTGATTGGTCCCCCTGATA-ATCGGTGCCCCCGACATAGCATTCCCACGAATAAACAACATAAGCTTCTGACTCCTCCCACCATCATTCCTCCTTCTACTCGCCTCATCCACTGTAGAAGCTGGCGCTGGTACGGGTTGAACCGTATACCCACC---TCTAGCAGGCAACCTAGC-CCACGCCGGAGCCT---CAGTGGACCTGGCTATCTT-CTCACTTCACCTGGCTGGTGTCTCCTCCATCCTCGGAGCCATTAACTTCATTACCACAGCCATCAACATAAAACCCCCCGCACTCTCACAATACCAAACCCCACTTTTCGTCTGATCAGTCCTAATTACCGCCATCCTGCTCCTCCTATCACTCCCCGTCCTCGCCGCCGGCATCACAATGCTACTAACCGACCGAAACCTAAACACCACATTCTTTGATCCTGCCGGAGGGGGAGACCCAATCCTGTACCAACACCTATTTTGATTCTTCGGCCACCCAGAAGTCTATATCTTAATCCTCCCAGGATTTGGAATATCCTTCCC;F;21.00;38.0;16.0;14.0;6.0;6.0;;;;;;10-Feb-11;Blood - wing vein;BAI-Tiaong, Quezon;BAI-Tiaong, Quezon;BAI-DA;Egg-type;90.0;28
Duck;Laguna Duck;DU;LAD;;AAGACGTTGGCACAGGATTTGGAAATATCTGCCCCATAGAGGAGC-TGACTACGTGTATAATGTGTTGGGCACCGACATGGCAACCTTGTTTGGGGTTTTACTGACTACA-TAATCGCT-TGGGATAGTTAAGGCCCTGAGTTCTCCCCCTGATA-AACCATTCCCCCTGGATAAAATGATT-TGAATTTCCAACATAAATATCTTTTACCTCCCTTAAAAGCTCCTTCGTCTACTCGCTTCAGGAACTGGAAATACTTGCCCTGTAACAGGTTGAACCGTATACCCACC---TCTAGCAGGCAACCTAGC-CCACGCCGGAGCCT---CAGTGGACCTGGCTATCTT-CTCACTTCACCTGGCCGGTGTCTCCTCCATCCTCGGAGCCATTAACTTCATTACCACAGCCATCAACATAAAACCCCCCGCACTCTCACAATACCAAACCCCACTTTTCGTCTGATCAGTCCTAATTACCGCCATCCTGCTCCTCCTATCACTCCCCGTCCTCGCCGCCGGCATCACAATGCTACTAACCGACCGAAACCTAAACACCACATTCTTTGATCCTGCCGGAGGGGGAGACCCAATCCTGTACCAACACCTATTTTGATTCTTCGGCCACCCAGAAGTCTATATCTTAATCCTCCCAGGATTTGGAATTATCCTCCC;;33.00;53.0;10.0;24.0;8.0;8.0;;;;;;10-Feb-11;Blood - wing vein;BAI-Tiaong, Quezon;BAI-Tiaong, Quezon;BAI-DA;Meat-type;;
Duck;Commercial layer duck;DU;VIC;;AAGAGGTTGGCACAGGATTTGGAATTATCTCCCCCCT--ACAGGGGACGCCTTTTTTGTAACCTCCTGGGTTACCACATGGGCTACTTGTTTTTCTTCGTCATGGGTAAAACCCTCGGGAAGGGAGGGCTCAGAGGCTCTTTTTTCCCATTAATCTATTTTGCCCCCCC-CATCCTTTTATT-TGAATAAATAACACAAGTATATTACTGCTCCCGCCTTCATTCCTTCTTATACTCGCCTCATCCACTGTGAAAGCTGGCGCTGGTACAGGTTGAACCGTATACCCACC---TCTAGCAGGCAACCTAGC-CCACGCCGGAGCCT---CAGTAGACCTGGCTATCTT-CTCACTTCACCTGGCCGGTGTCTCCTCCATCCTCGGAGCCATTAACTTCATTACCACAGCCATCAACATAAAACCCCCCGCACTCTCACAATACCAAACCCCACTTTTCGTCTGATCAGTCCTAATTACCGCCATCCTGCTCCTCCTATCACTCCCCGTCCTCGCCGCCGGCATCACAATGCTACTAACCGACCGAAACCTAAACACCACATTCTTTGATCCTGCCGGAGGGGGAGACCCAATCCTGTACCAGCACCTATTTTGATTCTTCGGCCACCCAGAAGTCTATATCTTAATCCTCCCAGGATTTGGAATTATCCTCC-;;;;;;;;;;;;;;Blood - wing vein;ADSC, CA, UPLB;Commercial duck farm, Victoria, Laguna;-;Egg-type;;
Goose;Toulouse;GE;TOU;;ACCAAGGCGGAAGGGTGGGCCGGGGACGGCGGGTGGGCGCCGGACACAGA-AGATCCACAAAGAAGGC--CTGGGTTCGAGGGGGGCGTC----ACAACGTGGATAAACTGTTGGGTCGACC-TGAGTTAATTT-CATTTATAGGGACCTAATAGGCCTTTTGGTGAATATTCGT--CTAAGATTCCCCTCCATTCAGGTGAATTGGG----GTTTACTGACAATTTCCATTTTATGCTATTTTATCTGGGGTA-ATCCTTTCACCCACAAAGAAGATTGT-ATTAGCCTACACAGTTGACATAGTATCGGAGCAGGGTGTCTGCCTGCAATCTTTACTCTGGATTTATTATTGCATTTTCCTCAGGATTTGGAATTTCTCCCACGTAGGGCTTGATCGTTGGGGCATTTAACTTTATCACCTCCGCCGTCAACATAAAACCCCCCGCTCTCTCTCAATACTTAAATTTACTATTTGTGGAGTCCTCTAAGTTATACCCTTCCTACTCCTTCTATCACTCCCCGTACTCTCCCCCGGCATTACAACATTACTAA-CTGATAGAAACCGAAGCACGTACTTCTGCAAC---------CCCGCTGGAGGAGGAGACCC-AATCCTGTACCATCACCTAT------TCTGATTCTTCGGAC--ACCCAGAAGTCTATATTCTGATCCTACCATGATTTGGAATTATCTACGACGTA;M;413.00;62.0;29.0;30.0;10.0;7.0;none;none;black;orange web;orange;23-Sep-10;Blood - wing vein;BAI-Tiaong, Quezon;USA;BAI-DA;Meat-type;182.0;32-35
Goose;White Embden;GE;WEM;;GTCATCTTCAACCTCTGCCCCCTACTCA-CTCTTGTCTTCCTTACAGACCTGGATGCACACAGGCGCTTACCGGTTTTGATTTATTCCCTTCCGACAACTGTCACACATGGTACTTTCTCCCATGAACAAATCAGCATTTTCA----TCCTGTATGCCTCCTGCGAAGTTTATGTTCCCGGTGTTCCCCTGTACTTGCATTGCTTTCGCTTTGTCTACCGGAAATTGCTCCCTCAT-CTATTAGGTTTAATCCATATGATATTATATACATGATATGTGATGAGTCCCTTTTCCAGCTGCC--TGT-TTGACCCACTGCACTTCCCTGGGTTCTCTTGGCCTCCCTGCCCCTTCCACCTGCATCTGGGTTGGTGAGGGCGGTCTGAGTGAGCTGGAG-GAAGGGGAGGGAAGCCAAGAGAACCCTGGGAAGTGCATACGTCCAAACTGGGTCCTGGAAAGGGGACATTCAATTTGGACTGTATAATCTATAATAGGGAATATTTCTGATATAAAAAGGAACAATTTCCGGTCTACAAAGCTAAAACAATGCTGGTCCGGTGAACCTTTTGGTATCTTTTTCCTCGAAGGAAGTACATCCGATGAATGAGCTTGCTTTGATGATGGAAAATAGCTTGTGTGATATCTGTTGTATGGTATTAAATCAGGAGAAACCCTTCTGCGTCTGTGTGCATCCTAGTCTCTGAAGCAAGCA;M;472.00;54.0;30.0;235.0;105.0;83.0;none;none;light blue;orange web;orange;23-Sep-10;Blood - wing vein;BAI-Tiaong, Quezon;USA;BAI-DA;Meat-type;204.0;32-35
Guinea Fowl;Bengala;GF;BEN;;GACAGCAGGGTACTCTGTCCCCCATACAACAAGTCGACCGCGCAGAACTAGGACACCCTTTTGAAACTATTAGGGGACGACCAAATTTATAATGTAATCGTCACAGCCCATGCCTTCGTCATAATTTTCTTCATAGTTATACCAATCATGATCGGCGGCTTCGGAAACTGACTAGTACCACTAATAATCGGTGCCCCGGACATAGCATTCCCACGAATAAACAACATAAGCTTCTGACTCCTCCCACCCTCCTTCCTCCTTCTACTAGCATCCTCTACTGTAGAAGCTGGAGCTGGCACAGGATGAACTGTCTACCCACCCCTAGCCAGCAACCTTGCCCATGCTGGCGCCTCCGTAGACTTAGCTATCTTCTCCCTCCACCTAGCAGGTGTCTCATCCATCTTAGGTGCTATCAACTTCATTACCACCATCATCAACATAAAACCCCCTGCATTAACACAATACCAAACACCCTTATTCGTATGATCAGTCCTCATCACCGCCGTCCTTCTCCTCCTATCCCTACCGGTCCTCGCCGCTGGCATTACAATACTCCTCACTGATCGAAACCTCAACACCACATTCTTCGACCCAGCTGGAGGCGGAGACCCAGTACTATACCAGCACCTATTCTGATTCTTCGGCCACCCTGAAGTCTACATCCTCATCCTCCCAGGATTTGGAATTATCTTCCCCACATA;M;15.00;37.0;12.0;175.0;8.0;3.0;rotund-shape helmet;none;gray;green;yellow;10-Dec-10;Blood - wing vein;BAI-Tiaong, Quezon;USA;BAI-DA;Meat-type;43.0;28
Ostrich;African Blue Neck;OS;BNK;;AGGGCACAGCCCTCAGCCTGCTCATTCGTGCAGAATTAGGACAACCAGGGACACTACTTGGAGACGATCAAATCTACAATGTAATCGTTACCGCCCATGCCTTCGTAATAATTTTCTTCATAGTTATACCAGTAATAATTGGTGGCTTTGGAAACTGACTAGTTCCACTTATAATTGGTGCCCCAGACATAGCCTTCCCCCGAATAAATAATATAAGTTTCTGACTACTTCCACCCTCCTTTCTACTCCTACTGGCATCATCAACCGTCGAAGCCGGAGCAGGAACTGGATGAACTGTTTATCCGCCCCTAGCAGGTAACCTCGCCCACGCTGGAGCCTCTGTTGACCTCGCCATCTTCTCACTACACCTAGCTGGTGTTTCTTCTATCCTAGGTGCAATCAACTTTATTACAACAGCCATTAACATAAAACCCCCAGCCCTTTCACAATACCAAACCCCTCTATTCGTGTGATCAGTCCTAATCACCGCCATCCTACTACTACTATCACTCCCAGTACTCGCTGCAGGTATTACCATGCTCCTCACGGACCGAAATCTCAATACCACATTCTTTGATCCCGCGGGAGGAGGAGACCCCGTCCTATACCAACACCTCTTCTGATTCTTCGGACACCCTGAAGTCTATATCCTAATTCTCCCTGGATTCGGAATCATCTCAACATGTAGTA;M;;;56.0;;;8.0;none;none;light gray;white;light yellow;10-Dec-10;Blood - jugular vein;BAI-Tiaong, Quezon;"Nueva Ecija; USA; South Africa (African Blue Neck)";BAI-DA;Meat-type;1250.0;42
Pigeon;Homing Pigeon;PN;HPN;;AGGGAAGGGGAG--TGGGAGAAGGGGAAAAAACTCACAAGTACCTAGCTCTGACATATCTATTAGGTTTTTCTCTTCTCC-GGTTAAGGGTTATGTCT-TCATTGT-GTTATTCAATCTTCTTGGGGGTTTTGGACACTGATTTGTTCCCCTCATAATTGTAGCCCCCCACCTAACATTCCCCCGGATGAACAACATAAGCTTCTGGCTCCTACCCCCATCCTTCCTTCTACTTCTAGCCTCCTCCGCAGTCTAAGCTGGTGCAGGAACAGGATGAACCGTCTACCCTCCCCTATCTGGCAACCTAGCTTACGCCGGAGCCTCTGTAGACCTTGCCATCTTCTCCCTTCACCTTGCTGGTATCTCCTCTTATCTAGGGGCCATCAACTTCATCACAACTGCCATTAACATAAAACCCCCAGCCCTCTCACAATACCAAACCCCACTATTCGTCTGATCAGTCCTCATCACTGCCGTCCTCCTTTTACTATCCCTCCCAGTACTTGCCGCCGGCATCACAATACTGCTCACAGACCGAAACCTAAACACTACCTTCTTTGATCCTGCTGGTGGAGGGGACCCAGTACTATACCAACATCTCTTCTGATTCTTTGGTCATCCTGAAGTCTATATCCTAATTTTACCAGGATTTGGAATTATCTTCCACATAAA;F;45.00;327.0;55.0;95.0;35.0;33.0;;;;;;11-Apr-11;Blood - jugular vein;UAF, ADSC, CA, UPLB;Los Baños, Laguna;ADSC, CA, UPLB;Game ;;
Pigeon;White Pigeon;PN;WPN;;ACGAAACGACTTCTTACTATGATTTGTAAAGATCCCCCACCTACTAGATGTAGACTTGCTATTTG-TATTTCTCTTCACAAGGTGGAGGGTTATGGAGATCATAGTAGGTTTCCAAAATTCTTGGGGGTTTTGGACACTGATTTGGTCCCCTCACAATTGTAGCCCCCCAGCTAACATGCCCCCGGATAAACA-CATGGCCTTCTGGCTCCGACCCCCTTCCTGCCGACCACTTGCATCCGCCTCTGGATGTTAAATTGGTGTAAGAGCAGGAAGAACCTGCTACCCCCCCCTATCTGGCAACCTAATTTAAACCGGAACCTCTTGTTACCTTGTTCTCTTCCCCCTTGATCTTGATGGTATCTCCTCTTATCTAGGGGCCATCAACTTCATCACAACTGCCATTAACATAAAACCCCCAGCCCTCTCACAATACCAAACCCCACTATTCGTCTGATCCGTCCTCATCACTGCCGTCCTCCTTTTACTATCCCTCCCAGTACTTGCCGCCGGCATCACAATACTGCTCACAGACCGAAACCTAAACACTACCTTCTTTGATCCTGCTGGTGGAGGGGACCCAGTACTATACCAACATCTCTTCTGATTCTTTGGTCATCCTGAAGTCTATATCCTAATTTTACCAGGATTTGGAATTATCTCCCACGTAAA;M;45.00;296.0;45.0;8.0;35.0;33.0;;;;;;7-Apr-11;Blood - jugular vein;ADSC, CA, UPLB;Los Baños, Laguna;Fileteo Atendido, Jr;Meat-type;;
Quail;Japanese Shuttle;QU;JPS;;GTTTTTTCTTTAAAAATCCTGCTTAAAACTCAGGCATTCTACAGGATTTGGAATTATCTCCCACGTCGATGGCTGGATGATTTCAAAAGCAAAACCATATGCGTTTACAGGATTTGGA--ATTATCTCCCACGTAAAATGGGGGGGCGGGAGGGGGATTTTGTCGTCCTGCTTTTGAACCCCCCATACCCCTTACCGGTCCCA--CGCCCGAATAACATAATCTTCTGACTCCTCCCACACTCCTTCCTGCTGCTACTAACTTCTTCCACCGTTGAAGCTGGTGCCGGTACTCGATGAACTGTCTACCCGCCCCGACCCGGCAACCTCGCCCACGCCGGAACATCAATCGATCTAGCCATCTTCTCGGTACGGCTGTGAGGTGTATCATCCATCCTAGGAGCTATTAACTTTATTATTACTATAATCAATATAAAACCCCCTGCACTATCACAATACCAAACACCCCTATAATGATTGATCACGTCACATCACCGCTATCTTACTCCTACTCTCCCTCCCAGTCCTAGCTGCTGGCATTACTATACTTCTAACTGATCGAAACCTCAACACTACATTCTTTGACCCTGCAGGAGGAGGAGACCCCATCCTGTATCAACACTTATTTTGATTCTTTGGACACCCAGAAGTCTACATCCTCATCCTCCCAGGATTTGGGAATT;M;164.00;153.0;25.0;8.0;6.0;2.0;none;none;brown;white/ pink;white/ pink;10-Dec-10;Blood - heart vein;BAI-Tiaong, Quezon;USA;BAI-DA;Egg-type;12.0;
Quail;Silver White;QU;SWH;;GGCGGCCGCGGATAGGAGGGGGCTAGGAGTAAGGCATCT-ACAGGAGGTGGAAT-CTCTCCCACGTAGA-AGAAGTTTGAAGGAAGATGTCAACCTTCTGGGTTTCGTGGTTTT-GTTCTTTATTCCCAAGTA-ATTATAATTGGAGGCTTCGGAAATTGACTCGTCCCACTTATAATCGGAGCCCCAGACATAGCAGTCCCA--CGTATGAATAACATAAGCTTCTGACTCCTCCCACCCTCCTTCCTGCTGCTACTAGCTTCTTCCACCGTTGAAGCTGGTGCCGGTACAGGATGAACTGTCTACCCGCCCCTAGCCGGCAACCTCGCCCACGCCGGAGCATCAGTAGATCTAGCCATCTTCTCCCTACATTTAGCAGGTGTATCATCAATCCTAGGAGCTATTAACTTTATTACCACTATTATCAATATAAAACCCCCTGCACTGTCACAATACCAAACACCCCTATT-TGTTTGATCAGTCCTCATCACCGCTATCTTACTCCTACTCTCCCTCCCAGTCCTAGCTGCTGGCATTACTATACTTCTAACTGATCGAAACCTCAACACTACATTCTTTGACCCTGCAGGAGGAGGAGACCCCATCCTGTATCAACACTTATTTTGATTCTTTGGACACCCAGAAGTCTACATCCTCATCCTCCCAGGATTTGGAATT-;M;152.00;155.0;23.0;85.0;65.0;32.0;none;none;black;pink;pink;10-Dec-10;Blood - heart vein;BAI-Tiaong, Quezon;USA;BAI-DA;Egg-type;12.0;
Quail;Taiwan Yellow;QU;TAI;;GTTTTTTCTTTAAAAATCCTGCTTAAAACTCAGGCATTCTACAGGATTTGGAATTATCTCCCACGT----ACCTGTATTTTTCAGGTTTTATTTCTCCCTTCTTTGGCAGTAGTAGTTTTACAATCCCATACGTAATATTATC---CTTCAGTGGGGTCTTGTTGTTAGGTATCCTGTAGTGCCCTACAGCTTTGTGGTTCCAATTATTTTTTTGTTGGAAAAAACTGTTGTTTTTGTTGTTGAAAAAAGCTAAAGCTAGCTTCTTTT-CCGTTGAAGCTGGT-CCAGCCCTCAATGAACTGTCTACCCGCACTTAGCCGGCAACCTCGCCCACGCCGGAGCATCAGTAGATCTAGCCATCTTCTCCCTACATTTAGCAGGAGTATCATCCATCCTAGGAGCTATTAACTTTATTACCACTATTATCAATATAAAACCCCCTGCCCTGTCACAATACCAAACACCCCTATT-TGTTTGATCAGTTATCATCACCGCTATCTTACTCCTACTCTCCCTCCCAGTCCTAGCTGCTGGCATTACTATACTTCTAACTGATCGAAACCTCAACACTACATTCTTTGACCCTGCAGGAGGAGGAGACCCCATCCTGTATCAACACTTATTTTGATTCTTGGGACACCCAGAAGTCTACATCCTCATCCTCCCAGGATTTGGAATT-;M;156.00;155.0;3.0;76.0;47.0;24.0;none;none;black;black;white/ pink;10-Dec-10;Blood - heart vein;BAI-Tiaong, Quezon;USA;BAI-DA;Egg-type;12.0;
Quail;Tuxedo;QU;TUX;;---GGCGGAGGGATAGAGGGGGCGAGAACAAGGATATA----AGGAGGTGGAAT-ATCTCCCACGTAAA-AGAATTTTGGGGGAGGATGTGACACTTGTGGGCTTCGTCGTGAT-CTTCTTTATAGTCATACAGATTATAATTGGAGGCTTCGGAAATTGACTCGTCCCACTTATAATCGGAGCCCCAGACATAGCATTCCCA--CGTATGAATAACATAAGCTTCTGACTCCTCCCACCCTCCTTCCTGCTGCTACTAGCTTCTTCCACCGTTGAAGCTGGTGCCGGTACAGGATGAACTGTCTACCCGCCCCTAGCCGGCAACCTCGCCCACGCCGGAGCATCAGTAGATCTAGCCATCTTCTCCCTACATTTAGCAGGTGTATCATCAATCCTAGGAGCTATTAACTTTATTACCACTATTATCAATATAAAACCCCCTGCACTGTCACAATACCAAACACCCCTATT-TGTTTGATCAGTCCTCATCACCGCTATCTTACTCCTACTCTCCCTCCCAGTCCTAGCTGCTGGCATTACTATACTTCTAACTGATCGAAACCTCAACACTACATTCTTTGACCCTGCAGGAGGAGGAGACCCCATCCTGTATCAACACTTATTTTGATTCTTTGGACACCCAGAAGTCTACATCCTCATCCTCCCAGGATTTGGAATT-;M;165.00;165.0;25.0;85.0;6.0;2.0;none;none;black;brown/ white;white/ pink;10-Dec-10;Blood - heart vein;BAI-Tiaong, Quezon;USA;BAI-DA;Egg-type;12.0;
Turkey;Broad Breasted Bronze;TU;BBB;;TTTTTCCGTTT--CTACATAACTTCGTCTTCGGTACGGTTCTTGGAATACATGCCGAAGTATCACCCACATACTAT-TCTATAACGTAATCGTCACAGCCCATGCCTTCGTTATAATCTTCTTTATAGTTATACCTATCATGATCGGAGGCTTCGGTAACTGACTTGTACCACTTATAATTGGTGCCCCAGACATGGCATTCCCACGTATAAATAATATAAGCTTCTGACTCCTTCCACCTTCCTTTCTTCTTCTGCTAGCCTCTTCTACCGTAGAAGCTGGAGCTGGCACTGGATGAACTGTCTACCCACCTTTAGCTAGCAACCTTGCCCACGCTGGTGCATCAGTAGACCTAACTATTTTTTCCCTCCACCTAGCAGGTGTATCCTCCATCCTAGGAGCAATCAACTTTATTACTACTATTATTAACATAAAACCCCCAGCACTGTCACAATACCAAACACCCCTATTTGTTTGATCCGTTCTCATTACCGCTATCCTCCTATTACTCTCTCTACCAGTCCTTGCCGCCGGAATTACAATACTTCTTACTGACCGCAACCTTAACACTACATTCTTTGACCCCGCAGGAGGAGGAGACCCAATCCTATATCAACACCTATTTTGATTTTTTGGCCACCCCGAAGTTTATATCCTCATTCTTCCAGGATTTGGAATTATCCTCCCCACAAAGGAAAAGTTCTCGGGGAATCAGGAATCGCGGCCATGAAAAGGAAAAGCAAGCAATATAAGCATTGCAGCTGACTTATATGCTGGGATGAAGAATCAGGAAGAAAGATAAGTGATTATCAAAAACATGAAACATATTTCTATGATAAATAAAGATTTAATAC-GTTTCATAC-TTCAGCGCCGT------------------;M;129.00;60.0;29.0;375.0;15.0;63.0;caruncle;none;black/ light brown;white/ pink;yellow/ black;4-Nov-10;Blood - wing vein;BAI-Tiaong, Quezon;USA;BAI-DA;Meat-type;75.0;28
Turkey;Nicholas White;TU;NWH;;--AGGCCAATTGGTTAAATAACGCAGGTCTGGCGACGGAACT-GGGATAGATGAGGAACTATCTCCCACGTAGTAAATCTATAACGTAATCGTCACAGCCCATGCCTTCGTTATAATCTTCTTTATAGTTATACCTATCACGATCGGAGGCTTCGGTAACTGACTTGTACCACTTATAATTGGTGCCCCAGACATGGCATTCCCACGTATAAATAATATAAGCTTCTGACTCCTTCCACCTTCCTTTCTTCTTCTGCTAGCCTCTTCTACCGTAGAAGCTGGAGCTGGCACTGGATGAACTGTCTACCCACCTTTAGCTAGCAACCTTGCCCACGCTGGTGCATCAGTAGACCTAACTATTTTTTCCCTCCACCTAGCAGGTGTATCCTCCATCCTAGGAGCAATCAACTTTATTACTACTATTATTAACATAAAACCCCCAGCACTGTCACAATACCAAACACCCCTATTTGTTTGATCCGTTCTCATTACCGCTATCCTCCTATTACTCTCTCTACCAGTCCTTGCCGCCGGAATTACAATACTTCTTACTGACCGCAACCTTAACACTACATTCTTTGACCCCGCAGGAGGAGGAGACCCAATCCTATATCAACACCTATTTTGATTTTTTGGCCACCCCGAAGTTTATATCCTCATTCTTCCAGGATTTGGAATACTTCCCCCNAAANAAAAAAAGGTCTTGGG-AGTCTGGAGTTTTGGACCTGCTTAGGGGTAGGAACCCCCAACAGCTTTGTAGCTGAGCCCTTTCCCCCT-TGTGTCCTCATAAATAAACATAA-CGGCTGTCTCCTGCTCTGCAGACAGCTATATTCTAATAAATCATGTAATAGAGTCTCGGAGACTCACTGCCCTTTATTCAACTAGCCCCTT;M;1185.00;51.0;30.0;34.0;13.0;6.0;caruncle;none;black/ light brown;white/ pink;yellow;4-Nov-10;Blood - wing vein;BAI-Tiaong, Quezon;USA;BAI-DA;Meat-type;76.0;28
Uwak - Crow;Uwak (Philippine Crow);UW;UWK;;;M;225.00;36.0;7.0;13.0;6.0;7.0;;;;;;20-May-11;Blood - wing vein;Brgy Dayapan, Ibaan, Batangas;Brgy Dayapan, Ibaan, Batangas;Mr Josenieto Bihis;;;
